2018-04-23 18:00:00,
2018-04-23 18:05:00,225.0
2018-04-23 18:10:00,223.27272727272728
2018-04-23 18:15:00,221.0
2018-04-23 18:20:00,217.0
2018-04-23 18:25:00,216.0
2018-04-23 18:30:00,216.0
2018-04-23 18:35:00,215.0
2018-04-23 18:40:00,215.0
2018-04-23 18:45:00,216.0
2018-04-23 18:50:00,216.0
2018-04-23 18:55:00,216.0
2018-04-23 19:00:00,123.36363636363636
2018-04-23 19:05:00,217.0
2018-04-23 19:10:00,217.0
2018-04-23 19:15:00,217.0
2018-04-23 19:20:00,217.0
2018-04-23 19:25:00,216.0
2018-04-23 19:30:00,216.0
2018-04-23 19:35:00,215.0
2018-04-23 19:40:00,214.0
2018-04-23 19:45:00,214.0
2018-04-23 19:50:00,213.0
2018-04-23 19:55:00,212.6
2018-04-23 20:00:00,212.0
2018-04-23 20:05:00,211.0
2018-04-23 20:10:00,210.3
2018-04-23 20:15:00,210.0
2018-04-23 20:20:00,169.8
2018-04-23 20:25:00,209.0
2018-04-23 20:30:00,209.0
2018-04-23 20:35:00,209.0
2018-04-23 20:40:00,209.0
2018-04-23 20:45:00,209.0
2018-04-23 20:50:00,210.0
2018-04-23 20:55:00,210.0
2018-04-23 21:00:00,210.0
2018-04-23 21:05:00,211.0
2018-04-23 21:10:00,21.0
2018-04-23 21:15:00,210.0
2018-04-23 21:20:00,210.0
2018-04-23 21:25:00,209.45454545454547
2018-04-23 21:30:00,209.0
2018-04-23 21:35:00,209.0
2018-04-23 21:40:00,208.0
2018-04-23 21:45:00,207.0
2018-04-23 21:50:00,206.0
2018-04-23 21:55:00,205.0
2018-04-23 22:00:00,205.0
2018-04-23 22:05:00,204.0
2018-04-23 22:10:00,204.0
2018-04-23 22:15:00,203.0
2018-04-23 22:20:00,202.0
2018-04-23 22:25:00,202.0
2018-04-23 22:30:00,202.0
2018-04-23 22:35:00,202.0
2018-04-23 22:40:00,202.0
2018-04-23 22:45:00,202.2
2018-04-23 22:50:00,203.0
2018-04-23 22:55:00,203.5
2018-04-23 23:00:00,204.0
2018-04-23 23:05:00,59.25
2018-04-23 23:10:00,204.0
2018-04-23 23:15:00,204.0
2018-04-23 23:20:00,203.0909090909091
2018-04-23 23:25:00,204.0
2018-04-23 23:30:00,203.0
2018-04-23 23:35:00,202.0
2018-04-23 23:40:00,202.0
2018-04-23 23:45:00,201.0
2018-04-23 23:50:00,200.0
2018-04-23 23:55:00,200.0
2018-04-24 00:00:00,199.0
2018-04-24 00:05:00,199.0
2018-04-24 00:10:00,198.0
2018-04-24 00:15:00,198.0
2018-04-24 00:20:00,197.0
2018-04-24 00:25:00,196.0
2018-04-24 00:30:00,196.27272727272728
2018-04-24 00:35:00,197.0
2018-04-24 00:40:00,197.0
2018-04-24 00:45:00,197.0
2018-04-24 00:50:00,198.0
2018-04-24 00:55:00,199.0
2018-04-24 01:00:00,199.0
2018-04-24 01:05:00,200.0
2018-04-24 01:10:00,200.0
2018-04-24 01:15:00,200.0
2018-04-24 01:20:00,199.0
2018-04-24 01:25:00,199.0
2018-04-24 01:30:00,199.0
2018-04-24 01:35:00,198.0
2018-04-24 01:40:00,198.0
2018-04-24 01:45:00,197.0
2018-04-24 01:50:00,197.0
2018-04-24 01:55:00,196.0
2018-04-24 02:00:00,195.0
2018-04-24 02:05:00,148.72727272727272
2018-04-24 02:10:00,193.9090909090909
2018-04-24 02:15:00,193.0
2018-04-24 02:20:00,193.0
2018-04-24 02:25:00,194.0
2018-04-24 02:30:00,194.0
2018-04-24 02:35:00,160.72727272727272
2018-04-24 02:40:00,128.0909090909091
2018-04-24 02:45:00,196.0
2018-04-24 02:50:00,196.0
2018-04-24 02:55:00,196.0909090909091
2018-04-24 03:00:00,196.54545454545453
2018-04-24 03:05:00,196.0
2018-04-24 03:10:00,196.0
2018-04-24 03:15:00,60.0
2018-04-24 03:20:00,195.0
2018-04-24 03:25:00,220.54545454545453
2018-04-24 03:30:00,230.0
2018-04-24 03:35:00,233.0
2018-04-24 03:40:00,236.0
2018-04-24 03:45:00,237.0
2018-04-24 03:50:00,239.27272727272728
2018-04-24 03:55:00,240.0
2018-04-24 04:00:00,241.27272727272728
2018-04-24 04:05:00,242.0
2018-04-24 04:10:00,242.0
2018-04-24 04:15:00,244.0
2018-04-24 04:20:00,245.1818181818182
2018-04-24 04:25:00,248.0
2018-04-24 04:30:00,251.0
2018-04-24 04:35:00,252.0
2018-04-24 04:40:00,253.0
2018-04-24 04:45:00,254.0
2018-04-24 04:50:00,255.0
2018-04-24 04:55:00,202.5
2018-04-24 05:00:00,188.83333333333331
2018-04-24 05:05:00,184.0
2018-04-24 05:10:00,170.0
2018-04-24 05:15:00,168.0
2018-04-24 05:20:00,166.6
2018-04-24 05:25:00,166.0
2018-04-24 05:30:00,165.0
2018-04-24 05:35:00,165.0
2018-04-24 05:40:00,165.0
2018-04-24 05:45:00,165.0
2018-04-24 05:50:00,164.0
2018-04-24 05:55:00,164.0
2018-04-24 06:00:00,164.0
2018-04-24 06:05:00,94.45454545454544
2018-04-24 06:10:00,163.27272727272728
2018-04-24 06:15:00,163.0
2018-04-24 06:20:00,163.0
2018-04-24 06:25:00,163.0
2018-04-24 06:30:00,162.0
2018-04-24 06:35:00,162.0
2018-04-24 06:40:00,162.0
2018-04-24 06:45:00,162.0
2018-04-24 06:50:00,161.0
2018-04-24 06:55:00,161.0
2018-04-24 07:00:00,161.0
2018-04-24 07:05:00,494.0
2018-04-24 07:10:00,719.0
2018-04-24 07:15:00,719.0
2018-04-24 07:20:00,719.0
2018-04-24 07:25:00,719.0
2018-04-24 07:30:00,719.0
2018-04-24 07:35:00,719.0
2018-04-24 07:40:00,719.1111111111112
2018-04-24 07:45:00,625.625
2018-04-24 07:50:00,547.25
2018-04-24 07:55:00,476.77777777777777
2018-04-24 08:00:00,416.625
2018-04-24 08:05:00,364.625
2018-04-24 08:10:00,322.25
2018-04-24 08:15:00,284.5
2018-04-24 08:20:00,253.0
2018-04-24 08:25:00,227.625
2018-04-24 08:30:00,205.0
2018-04-24 08:35:00,186.0
2018-04-24 08:40:00,169.625
2018-04-24 08:45:00,156.875
2018-04-24 08:50:00,145.0
2018-04-24 08:55:00,135.0
2018-04-24 09:00:00,127.0
2018-04-24 09:05:00,119.55555555555556
2018-04-24 09:10:00,113.0
2018-04-24 09:15:00,108.0
2018-04-24 09:20:00,104.0
2018-04-24 09:25:00,100.0
2018-04-24 09:30:00,111.0
2018-04-24 09:35:00,94.0
2018-04-24 09:40:00,93.0
2018-04-24 09:45:00,91.0
2018-04-24 09:50:00,89.0
2018-04-24 09:55:00,83.0
2018-04-24 10:00:00,75.125
2018-04-24 10:05:00,65.0
2018-04-24 10:10:00,55.0
2018-04-24 10:15:00,47.0
2018-04-24 10:20:00,40.0
2018-04-24 10:25:00,34.0
2018-04-24 10:30:00,29.625
2018-04-24 10:35:00,25.0
2018-04-24 10:40:00,18.375
2018-04-24 10:45:00,13.0
2018-04-24 10:50:00,9.0
2018-04-24 10:55:00,6.0
2018-04-24 11:00:00,3.0
2018-04-24 11:05:00,2.0
2018-04-24 11:10:00,1.0
2018-04-24 11:15:00,9.181818181818182
2018-04-24 11:20:00,11.0
2018-04-24 11:25:00,126.42105263157896
2018-04-24 11:30:00,111.0
2018-04-24 11:35:00,111.0
2018-04-24 11:40:00,27.494845360824737
2018-04-24 11:45:00,11.0
2018-04-24 11:50:00,11.0
2018-04-24 11:55:00,11.0
2018-04-24 12:00:00,111.0
2018-04-24 12:05:00,111.0
2018-04-24 12:10:00,52.42857142857143
2018-04-24 12:15:00,108.83393501805055
2018-04-24 12:20:00,37.381322957198435
2018-04-24 12:25:00,111.0
2018-04-24 12:30:00,529.8936170212767
2018-04-24 12:35:00,933.3636363636364
2018-04-24 12:40:00,863.8181818181819
2018-04-24 12:45:00,830.0
2018-04-24 12:50:00,797.6363636363636
2018-04-24 12:55:00,758.3636363636364
2018-04-24 13:00:00,737.0
2018-04-24 13:05:00,717.0
2018-04-24 13:10:00,693.0
2018-04-24 13:15:00,692.0909090909091
2018-04-24 13:20:00,684.7142857142858
2018-04-24 13:25:00,677.0
2018-04-24 13:30:00,272.6
2018-04-24 13:35:00,645.0909090909091
2018-04-24 13:40:00,95.0
2018-04-24 13:45:00,67.1
2018-04-24 13:50:00,591.0
2018-04-24 13:55:00,576.9090909090909
2018-04-24 14:00:00,557.6363636363636
2018-04-24 14:05:00,541.0
2018-04-24 14:10:00,480.09090909090907
2018-04-24 14:15:00,512.1666666666666
2018-04-24 14:20:00,497.3636363636364
2018-04-24 14:25:00,486.6363636363636
2018-04-24 14:30:00,480.45454545454544
2018-04-24 14:35:00,465.0
2018-04-24 14:40:00,465.0
2018-04-24 14:45:00,460.0
2018-04-24 14:50:00,459.09090909090907
2018-04-24 14:55:00,466.6363636363636
2018-04-24 15:00:00,473.9090909090909
2018-04-24 15:05:00,481.2
2018-04-24 15:10:00,481.0
2018-04-24 15:15:00,489.1818181818182
2018-04-24 15:20:00,493.8181818181818
2018-04-24 15:25:00,492.45454545454544
2018-04-24 15:30:00,492.2
2018-04-24 15:35:00,481.6363636363636
2018-04-24 15:40:00,481.1818181818182
2018-04-24 15:45:00,471.8181818181818
2018-04-24 15:50:00,464.7272727272728
2018-04-24 15:55:00,462.33333333333326
2018-04-24 16:00:00,456.54545454545456
2018-04-24 16:05:00,455.1818181818182
2018-04-24 16:10:00,449.0
2018-04-24 16:15:00,440.9
2018-04-24 16:20:00,433.8181818181818
2018-04-24 16:25:00,424.0
2018-04-24 16:30:00,437.0
2018-04-24 16:35:00,423.1818181818182
2018-04-24 16:40:00,429.6363636363636
2018-04-24 16:45:00,424.54545454545456
2018-04-24 16:50:00,278.27272727272725
2018-04-24 16:55:00,434.0
2018-04-24 17:00:00,443.27272727272725
2018-04-24 17:05:00,449.0
2018-04-24 17:10:00,459.0
2018-04-24 17:15:00,459.0
2018-04-24 17:20:00,459.0
2018-04-24 17:25:00,464.0
2018-04-24 17:30:00,11.0
2018-04-24 17:35:00,415.7972972972973
2018-04-24 17:40:00,410.25
2018-04-24 17:45:00,237.89156626506022
2018-04-24 17:50:00,111.0
2018-04-24 17:55:00,434.0
2018-04-24 18:00:00,429.0
2018-04-24 18:05:00,416.54545454545456
2018-04-24 18:10:00,411.6363636363636
2018-04-24 18:15:00,408.1
2018-04-24 18:20:00,400.0
2018-04-24 18:25:00,395.45454545454544
2018-04-24 18:30:00,389.7272727272728
2018-04-24 18:35:00,11.0
2018-04-24 18:40:00,398.0
2018-04-24 18:45:00,402.2
2018-04-24 18:50:00,405.1
2018-04-24 18:55:00,409.0
2018-04-24 19:00:00,416.0
2018-04-24 19:05:00,429.0
2018-04-24 19:10:00,438.0
2018-04-24 19:15:00,443.9
2018-04-24 19:20:00,441.0
2018-04-24 19:25:00,436.9090909090909
2018-04-24 19:30:00,429.9423076923077
2018-04-24 19:35:00,196.3636363636364
2018-04-24 19:40:00,424.95
2018-04-24 19:45:00,409.0
2018-04-24 19:50:00,170.6
2018-04-24 19:55:00,111.0
2018-04-24 20:00:00,392.25
2018-04-24 20:05:00,247.0909090909091
2018-04-24 20:10:00,376.0
2018-04-24 20:15:00,369.0
2018-04-24 20:20:00,362.05882352941177
2018-04-24 20:25:00,355.27272727272725
2018-04-24 20:30:00,351.0
2018-04-24 20:35:00,349.3636363636364
2018-04-24 20:40:00,11.0
2018-04-24 20:45:00,352.0
2018-04-24 20:50:00,356.54545454545456
2018-04-24 20:55:00,358.25
2018-04-24 21:00:00,361.54545454545456
2018-04-24 21:05:00,369.0
2018-04-24 21:10:00,369.0
2018-04-24 21:15:00,375.0
2018-04-24 21:20:00,376.0
2018-04-24 21:25:00,380.1818181818182
2018-04-24 21:30:00,372.09090909090907
2018-04-24 21:35:00,372.8125
2018-04-24 21:40:00,369.3
2018-04-24 21:45:00,369.1818181818182
2018-04-24 21:50:00,363.0
2018-04-24 21:55:00,363.0
2018-04-24 22:00:00,359.71428571428567
2018-04-24 22:05:00,354.5
2018-04-24 22:10:00,347.8
2018-04-24 22:15:00,347.6363636363636
2018-04-24 22:20:00,340.0
2018-04-24 22:25:00,338.0
2018-04-24 22:30:00,336.2
2018-04-24 22:35:00,336.5
2018-04-24 22:40:00,338.8181818181818
2018-04-24 22:45:00,11.0
2018-04-24 22:50:00,340.0
2018-04-24 22:55:00,342.27272727272725
2018-04-24 23:00:00,348.90909090909093
2018-04-24 23:05:00,354.72727272727275
2018-04-24 23:10:00,357.6363636363636
2018-04-24 23:15:00,363.27272727272725
2018-04-24 23:20:00,287.1111111111111
2018-04-24 23:25:00,362.3636363636364
2018-04-24 23:30:00,362.0
2018-04-24 23:35:00,357.0
2018-04-24 23:40:00,353.72727272727275
2018-04-24 23:45:00,350.1818181818182
2018-04-24 23:50:00,344.27272727272725
2018-04-24 23:55:00,346.8
2018-04-25 00:00:00,341.90909090909093
2018-04-25 00:05:00,337.6363636363636
2018-04-25 00:10:00,334.0
2018-04-25 00:15:00,330.3636363636364
2018-04-25 00:20:00,328.6
2018-04-25 00:25:00,329.72727272727275
2018-04-25 00:30:00,326.09090909090907
2018-04-25 00:35:00,11.0
2018-04-25 00:40:00,327.90909090909093
2018-04-25 00:45:00,330.0
2018-04-25 00:50:00,334.6363636363636
2018-04-25 00:55:00,332.09090909090907
2018-04-25 01:00:00,338.0
2018-04-25 01:05:00,339.90909090909093
2018-04-25 01:10:00,231.27272727272728
2018-04-25 01:15:00,345.8181818181818
2018-04-25 01:20:00,346.45454545454544
2018-04-25 01:25:00,348.54545454545456
2018-04-25 01:30:00,338.90909090909093
2018-04-25 01:35:00,332.0
2018-04-25 01:40:00,332.4
2018-04-25 01:45:00,324.3636363636364
2018-04-25 01:50:00,313.0
2018-04-25 01:55:00,255.0
2018-04-25 02:00:00,300.0
2018-04-25 02:05:00,299.5
2018-04-25 02:10:00,294.2
2018-04-25 02:15:00,290.0
2018-04-25 02:20:00,291.0
2018-04-25 02:25:00,286.90909090909093
2018-04-25 02:30:00,290.4
2018-04-25 02:35:00,293.1818181818182
2018-04-25 02:40:00,291.6
2018-04-25 02:45:00,295.0
2018-04-25 02:50:00,300.27272727272725
2018-04-25 02:55:00,303.8181818181818
2018-04-25 03:00:00,164.45454545454544
2018-04-25 03:05:00,307.6363636363636
2018-04-25 03:10:00,306.27272727272725
2018-04-25 03:15:00,302.25
2018-04-25 03:20:00,300.54545454545456
2018-04-25 03:25:00,300.6363636363636
2018-04-25 03:30:00,298.72727272727275
2018-04-25 03:35:00,299.45454545454544
2018-04-25 03:40:00,295.45454545454544
2018-04-25 03:45:00,292.0
2018-04-25 03:50:00,289.27272727272725
2018-04-25 03:55:00,291.72727272727275
2018-04-25 04:00:00,229.4
2018-04-25 04:05:00,283.0
2018-04-25 04:10:00,285.0
2018-04-25 04:15:00,283.54545454545456
2018-04-25 04:20:00,281.72727272727275
2018-04-25 04:25:00,145.6
2018-04-25 04:30:00,284.4
2018-04-25 04:35:00,282.0
2018-04-25 04:40:00,285.0
2018-04-25 04:45:00,286.2
2018-04-25 04:50:00,296.8181818181818
2018-04-25 04:55:00,298.54545454545456
2018-04-25 05:00:00,297.0
2018-04-25 05:05:00,299.6
2018-04-25 05:10:00,295.09090909090907
2018-04-25 05:15:00,294.8
2018-04-25 05:20:00,292.6
2018-04-25 05:25:00,295.2
2018-04-25 05:30:00,294.3333333333333
2018-04-25 05:35:00,289.2
2018-04-25 05:40:00,288.0
2018-04-25 05:45:00,288.72727272727275
2018-04-25 05:50:00,285.0
2018-04-25 05:55:00,284.9
2018-04-25 06:00:00,19.57142857142857
2018-04-25 06:05:00,281.6
2018-04-25 06:10:00,281.0
2018-04-25 06:15:00,278.3636363636364
2018-04-25 06:20:00,278.45454545454544
2018-04-25 06:25:00,279.6363636363636
2018-04-25 06:30:00,285.0
2018-04-25 06:35:00,288.0
2018-04-25 06:40:00,287.72727272727275
2018-04-25 06:45:00,288.0
2018-04-25 06:50:00,293.27272727272725
2018-04-25 06:55:00,295.0
2018-04-25 07:00:00,292.0
2018-04-25 07:05:00,292.6363636363636
2018-04-25 07:10:00,289.0
2018-04-25 07:15:00,290.90909090909093
2018-04-25 07:20:00,285.45454545454544
2018-04-25 07:25:00,284.0
2018-04-25 07:30:00,277.46666666666664
2018-04-25 07:35:00,281.45454545454544
2018-04-25 07:40:00,279.90909090909093
2018-04-25 07:45:00,216.0
2018-04-25 07:50:00,273.4
2018-04-25 07:55:00,272.3636363636364
2018-04-25 08:00:00,252.3
2018-04-25 08:05:00,270.0
2018-04-25 08:10:00,269.90909090909093
2018-04-25 08:15:00,270.1818181818182
2018-04-25 08:20:00,277.09090909090907
2018-04-25 08:25:00,155.72727272727275
2018-04-25 08:30:00,281.0
2018-04-25 08:35:00,281.27272727272725
2018-04-25 08:40:00,282.5
2018-04-25 08:45:00,286.8181818181818
2018-04-25 08:50:00,285.0
2018-04-25 08:55:00,282.8
2018-04-25 09:00:00,284.0
2018-04-25 09:05:00,278.0
2018-04-25 09:10:00,279.0
2018-04-25 09:15:00,280.0
2018-04-25 09:20:00,272.1818181818182
2018-04-25 09:25:00,271.0
2018-04-25 09:30:00,269.45454545454544
2018-04-25 09:35:00,268.0
2018-04-25 09:40:00,267.3
2018-04-25 09:45:00,265.8
2018-04-25 09:50:00,263.54545454545456
2018-04-25 09:55:00,263.1818181818182
2018-04-25 10:00:00,261.09090909090907
2018-04-25 10:05:00,263.2
2018-04-25 10:10:00,266.5
2018-04-25 10:15:00,267.4
2018-04-25 10:20:00,271.09090909090907
2018-04-25 10:25:00,270.73333333333335
2018-04-25 10:30:00,274.5
2018-04-25 10:35:00,276.8181818181818
2018-04-25 10:40:00,276.8181818181818
2018-04-25 10:45:00,273.8
2018-04-25 10:50:00,275.90909090909093
2018-04-25 10:55:00,269.72727272727275
2018-04-25 11:00:00,273.27272727272725
2018-04-25 11:05:00,270.09090909090907
2018-04-25 11:10:00,268.7
2018-04-25 11:15:00,265.3636363636364
2018-04-25 11:20:00,263.3
2018-04-25 11:25:00,263.1818181818182
2018-04-25 11:30:00,74.25
2018-04-25 11:35:00,257.0
2018-04-25 11:40:00,254.72727272727272
2018-04-25 11:45:00,256.0
2018-04-25 11:50:00,256.0
2018-04-25 11:55:00,260.0
2018-04-25 12:00:00,258.3636363636364
2018-04-25 12:05:00,260.0
2018-04-25 12:10:00,261.0
2018-04-25 12:15:00,264.0
2018-04-25 12:20:00,267.0
2018-04-25 12:25:00,268.09090909090907
2018-04-25 12:30:00,269.0
2018-04-25 12:35:00,270.9
2018-04-25 12:40:00,267.0
2018-04-25 12:45:00,268.3
2018-04-25 12:50:00,265.27272727272725
2018-04-25 12:55:00,262.7
2018-04-25 13:00:00,259.1818181818182
2018-04-25 13:05:00,254.0909090909091
2018-04-25 13:10:00,259.6
2018-04-25 13:15:00,255.27272727272728
2018-04-25 13:20:00,257.1818181818182
2018-04-25 13:25:00,253.8181818181818
2018-04-25 13:30:00,254.54545454545453
2018-04-25 13:35:00,253.0
2018-04-25 13:40:00,250.8181818181818
2018-04-25 13:45:00,249.4
2018-04-25 13:50:00,251.46666666666667
2018-04-25 13:55:00,254.0
2018-04-25 14:00:00,252.54545454545453
2018-04-25 14:05:00,355.8571428571428
2018-04-25 14:10:00,719.0
2018-04-25 14:15:00,719.0
2018-04-25 14:20:00,719.0
2018-04-25 14:25:00,719.0
2018-04-25 14:30:00,719.0
2018-04-25 14:35:00,719.0
2018-04-25 14:40:00,719.0
2018-04-25 14:45:00,719.0
2018-04-25 14:50:00,723.75
2018-04-25 14:55:00,657.125
2018-04-25 15:00:00,577.0
2018-04-25 15:05:00,501.25
2018-04-25 15:10:00,437.0
2018-04-25 15:15:00,379.77777777777777
2018-04-25 15:20:00,330.75
2018-04-25 15:25:00,288.75
2018-04-25 15:30:00,253.0
2018-04-25 15:35:00,222.875
2018-04-25 15:40:00,197.0
2018-04-25 15:45:00,176.0
2018-04-25 15:50:00,148.25
2018-04-25 15:55:00,124.0
2018-04-25 16:00:00,105.0
2018-04-25 16:05:00,89.0
2018-04-25 16:10:00,75.125
2018-04-25 16:15:00,64.0
2018-04-25 16:20:00,54.75
2018-04-25 16:25:00,46.875
2018-04-25 16:30:00,40.0
2018-04-25 16:35:00,34.0
2018-04-25 16:40:00,30.0
2018-04-25 16:45:00,26.0
2018-04-25 16:50:00,22.57142857142857
2018-04-25 16:55:00,20.0
2018-04-25 17:00:00,18.0
2018-04-25 17:05:00,16.0
2018-04-25 17:10:00,14.0
2018-04-25 17:15:00,12.0
2018-04-25 17:20:00,11.0
2018-04-25 17:25:00,7.625
2018-04-25 17:30:00,4.375
2018-04-25 17:35:00,2.0
2018-04-25 17:40:00,1.0
2018-04-25 17:45:00,11.0
2018-04-25 17:50:00,11.0
2018-04-25 17:55:00,11.0
2018-04-25 18:00:00,11.0
2018-04-25 18:05:00,11.0
2018-04-25 18:10:00,11.0
2018-04-25 18:15:00,883.3333333333335
2018-04-25 18:20:00,826.0
2018-04-25 18:25:00,826.0
2018-04-25 18:30:00,693.0
2018-04-25 18:35:00,648.6666666666666
2018-04-25 18:40:00,620.0
2018-04-25 18:45:00,595.0
2018-04-25 18:50:00,584.0
2018-04-25 18:55:00,565.0
2018-04-25 19:00:00,563.0
2018-04-25 19:05:00,547.9
2018-04-25 19:10:00,525.0
2018-04-25 19:15:00,523.0
2018-04-25 19:20:00,494.9333333333333
2018-04-25 19:25:00,483.0
2018-04-25 19:30:00,483.0
2018-04-25 19:35:00,450.5
2018-04-25 19:40:00,444.9090909090909
2018-04-25 19:45:00,430.2
2018-04-25 19:50:00,252.8181818181818
2018-04-25 19:55:00,11.0
2018-04-25 20:00:00,405.09090909090907
2018-04-25 20:05:00,392.8
2018-04-25 20:10:00,386.0
2018-04-25 20:15:00,383.0
2018-04-25 20:20:00,375.1818181818182
2018-04-25 20:25:00,11.0
2018-04-25 20:30:00,369.7272727272728
2018-04-25 20:35:00,364.0
2018-04-25 20:40:00,359.0
2018-04-25 20:45:00,363.54545454545456
2018-04-25 20:50:00,219.2352941176471
2018-04-25 20:55:00,11.0
2018-04-25 21:00:00,368.16666666666674
2018-04-25 21:05:00,364.0
2018-04-25 21:10:00,373.09090909090907
2018-04-25 21:15:00,366.2
2018-04-25 21:20:00,58.82608695652174
2018-04-25 21:25:00,11.0
2018-04-25 21:30:00,11.0
2018-04-25 21:35:00,349.0
2018-04-25 21:40:00,350.09090909090907
2018-04-25 21:45:00,344.09090909090907
2018-04-25 21:50:00,340.0
2018-04-25 21:55:00,334.72727272727275
2018-04-25 22:00:00,329.0
2018-04-25 22:05:00,330.6363636363636
2018-04-25 22:10:00,324.8
2018-04-25 22:15:00,324.8
2018-04-25 22:20:00,319.0
2018-04-25 22:25:00,313.54545454545456
2018-04-25 22:30:00,314.3636363636364
2018-04-25 22:35:00,201.27272727272725
2018-04-25 22:40:00,309.0
2018-04-25 22:45:00,309.0
2018-04-25 22:50:00,310.38461538461536
2018-04-25 22:55:00,316.0
2018-04-25 23:00:00,315.0
2018-04-25 23:05:00,317.54545454545456
2018-04-25 23:10:00,321.2
2018-04-25 23:15:00,319.0
2018-04-25 23:20:00,323.4
2018-04-25 23:25:00,317.54545454545456
2018-04-25 23:30:00,317.27272727272725
2018-04-25 23:35:00,317.72727272727275
2018-04-25 23:40:00,317.0
2018-04-25 23:45:00,314.0
2018-04-25 23:50:00,309.3
2018-04-25 23:55:00,306.8181818181818
2018-04-26 00:00:00,303.6363636363636
2018-04-26 00:05:00,298.90909090909093
2018-04-26 00:10:00,294.6363636363636
2018-04-26 00:15:00,294.27272727272725
2018-04-26 00:20:00,294.09090909090907
2018-04-26 00:25:00,292.90909090909093
2018-04-26 00:30:00,206.3
2018-04-26 00:35:00,290.72727272727275
2018-04-26 00:40:00,287.0
2018-04-26 00:45:00,296.8181818181818
2018-04-26 00:50:00,296.1818181818182
2018-04-26 00:55:00,297.6363636363636
2018-04-26 01:00:00,301.0
2018-04-26 01:05:00,305.4
2018-04-26 01:10:00,306.09090909090907
2018-04-26 01:15:00,309.6363636363636
2018-04-26 01:20:00,304.0
2018-04-26 01:25:00,305.6363636363636
2018-04-26 01:30:00,303.6
2018-04-26 01:35:00,297.0
2018-04-26 01:40:00,297.3636363636364
2018-04-26 01:45:00,294.09090909090907
2018-04-26 01:50:00,290.0
2018-04-26 01:55:00,287.5
2018-04-26 02:00:00,286.90909090909093
2018-04-26 02:05:00,282.09090909090907
2018-04-26 02:10:00,281.0
2018-04-26 02:15:00,280.0
2018-04-26 02:20:00,276.4
2018-04-26 02:25:00,270.4
2018-04-26 02:30:00,265.6
2018-04-26 02:35:00,267.9
2018-04-26 02:40:00,269.0
2018-04-26 02:45:00,269.1818181818182
2018-04-26 02:50:00,271.0
2018-04-26 02:55:00,272.4
2018-04-26 03:00:00,275.0
2018-04-26 03:05:00,275.72727272727275
2018-04-26 03:10:00,278.72727272727275
2018-04-26 03:15:00,279.27272727272725
2018-04-26 03:20:00,279.54545454545456
2018-04-26 03:25:00,276.90909090909093
2018-04-26 03:30:00,271.2
2018-04-26 03:35:00,272.0
2018-04-26 03:40:00,269.4
2018-04-26 03:45:00,268.09090909090907
2018-04-26 03:50:00,264.8
2018-04-26 03:55:00,261.8181818181818
2018-04-26 04:00:00,259.0
2018-04-26 04:05:00,258.1818181818182
2018-04-26 04:10:00,252.27272727272728
2018-04-26 04:15:00,248.54545454545453
2018-04-26 04:20:00,245.0909090909091
2018-04-26 04:25:00,240.2
2018-04-26 04:30:00,237.3636363636364
2018-04-26 04:35:00,235.3
2018-04-26 04:40:00,231.0
2018-04-26 04:45:00,168.8181818181818
2018-04-26 04:50:00,225.0
2018-04-26 04:55:00,226.0
2018-04-26 05:00:00,221.45454545454547
2018-04-26 05:05:00,218.0
2018-04-26 05:10:00,214.27272727272728
2018-04-26 05:15:00,214.3636363636364
2018-04-26 05:20:00,228.9090909090909
2018-04-26 05:25:00,229.8
2018-04-26 05:30:00,205.54545454545456
2018-04-26 05:35:00,218.0
2018-04-26 05:40:00,212.6
2018-04-26 05:45:00,213.9090909090909
2018-04-26 05:50:00,209.0
2018-04-26 05:55:00,206.45454545454547
2018-04-26 06:00:00,203.7
2018-04-26 06:05:00,200.63636363636363
2018-04-26 06:10:00,197.6
2018-04-26 06:15:00,193.7
2018-04-26 06:20:00,189.2
2018-04-26 06:25:00,196.0
2018-04-26 06:30:00,195.9090909090909
2018-04-26 06:35:00,192.0
2018-04-26 06:40:00,192.72727272727272
2018-04-26 06:45:00,195.45454545454547
2018-04-26 06:50:00,192.3636363636364
2018-04-26 06:55:00,196.45454545454547
2018-04-26 07:00:00,194.1818181818182
2018-04-26 07:05:00,196.63636363636363
2018-04-26 07:10:00,196.0
2018-04-26 07:15:00,195.2
2018-04-26 07:20:00,195.6
2018-04-26 07:25:00,193.9090909090909
2018-04-26 07:30:00,199.0
2018-04-26 07:35:00,196.8
2018-04-26 07:40:00,192.45454545454547
2018-04-26 07:45:00,197.45454545454547
2018-04-26 07:50:00,193.0
2018-04-26 07:55:00,189.1818181818182
2018-04-26 08:00:00,190.0
2018-04-26 08:05:00,188.8
2018-04-26 08:10:00,189.0
2018-04-26 08:15:00,188.72727272727272
2018-04-26 08:20:00,188.3636363636364
2018-04-26 08:25:00,189.5
2018-04-26 08:30:00,191.6
2018-04-26 08:35:00,192.2
2018-04-26 08:40:00,191.0
2018-04-26 08:45:00,163.1818181818182
2018-04-26 08:50:00,195.1818181818182
2018-04-26 08:55:00,195.2
2018-04-26 09:00:00,195.3636363636364
2018-04-26 09:05:00,194.0
2018-04-26 09:10:00,194.8
2018-04-26 09:15:00,194.9090909090909
2018-04-26 09:20:00,192.7
2018-04-26 09:25:00,196.54545454545453
2018-04-26 09:30:00,195.0
2018-04-26 09:35:00,193.54545454545453
2018-04-26 09:40:00,193.63636363636363
2018-04-26 09:45:00,192.0909090909091
2018-04-26 09:50:00,194.3636363636364
2018-04-26 09:55:00,189.1
2018-04-26 10:00:00,190.27272727272728
2018-04-26 10:05:00,191.0909090909091
2018-04-26 10:10:00,193.0
2018-04-26 10:15:00,189.0
2018-04-26 10:20:00,140.45454545454544
2018-04-26 10:25:00,195.7
2018-04-26 10:30:00,196.4
2018-04-26 10:35:00,192.45454545454547
2018-04-26 10:40:00,196.6
2018-04-26 10:45:00,198.45454545454547
2018-04-26 10:50:00,198.4
2018-04-26 10:55:00,197.0909090909091
2018-04-26 11:00:00,192.0
2018-04-26 11:05:00,196.2
2018-04-26 11:10:00,196.3
2018-04-26 11:15:00,195.7
2018-04-26 11:20:00,196.0
2018-04-26 11:25:00,190.75
2018-04-26 11:30:00,193.3
2018-04-26 11:35:00,191.45454545454547
2018-04-26 11:40:00,194.6
2018-04-26 11:45:00,192.6
2018-04-26 11:50:00,194.54545454545453
2018-04-26 11:55:00,190.45454545454547
2018-04-26 12:00:00,190.0909090909091
2018-04-26 12:05:00,191.27272727272728
2018-04-26 12:10:00,196.0909090909091
2018-04-26 12:15:00,192.1818181818182
2018-04-26 12:20:00,191.8
2018-04-26 12:25:00,196.45454545454547
2018-04-26 12:30:00,199.27272727272728
2018-04-26 12:35:00,200.45454545454547
2018-04-26 12:40:00,194.1818181818182
2018-04-26 12:45:00,193.1818181818182
2018-04-26 12:50:00,194.0
2018-04-26 12:55:00,198.2
2018-04-26 13:00:00,197.0
2018-04-26 13:05:00,197.3
2018-04-26 13:10:00,191.54545454545453
2018-04-26 13:15:00,191.63636363636363
2018-04-26 13:20:00,190.54545454545453
2018-04-26 13:25:00,193.0
2018-04-26 13:30:00,191.63636363636363
2018-04-26 13:35:00,195.0
2018-04-26 13:40:00,192.1818181818182
2018-04-26 13:45:00,192.9090909090909
2018-04-26 13:50:00,191.0
2018-04-26 13:55:00,192.0
2018-04-26 14:00:00,194.45454545454547
2018-04-26 14:05:00,196.0
2018-04-26 14:10:00,118.9090909090909
2018-04-26 14:15:00,196.1818181818182
2018-04-26 14:20:00,193.45454545454547
2018-04-26 14:25:00,195.63636363636363
2018-04-26 14:30:00,191.0909090909091
2018-04-26 14:35:00,191.1818181818182
2018-04-26 14:40:00,194.4
2018-04-26 14:45:00,199.9090909090909
2018-04-26 14:50:00,196.0
2018-04-26 14:55:00,196.0909090909091
2018-04-26 15:00:00,194.45454545454547
2018-04-26 15:05:00,193.0
2018-04-26 15:10:00,194.0
2018-04-26 15:15:00,189.0
2018-04-26 15:20:00,191.0
2018-04-26 15:25:00,189.63636363636363
2018-04-26 15:30:00,192.0
2018-04-26 15:35:00,94.1818181818182
2018-04-26 15:40:00,196.0
2018-04-26 15:45:00,195.45454545454547
2018-04-26 15:50:00,191.45454545454547
2018-04-26 15:55:00,195.4
2018-04-26 16:00:00,198.0
2018-04-26 16:05:00,194.0
2018-04-26 16:10:00,193.0
2018-04-26 16:15:00,200.8
2018-04-26 16:20:00,196.4
2018-04-26 16:25:00,197.0
2018-04-26 16:30:00,197.0
2018-04-26 16:35:00,197.0
2018-04-26 16:40:00,197.0
2018-04-26 16:45:00,197.0
2018-04-26 16:50:00,11.0
2018-04-26 16:55:00,111.0
2018-04-26 17:00:00,111.0
2018-04-26 17:05:00,111.0
2018-04-26 17:10:00,11.0
2018-04-26 17:15:00,11.0
2018-04-26 17:20:00,111.0
2018-04-26 17:25:00,111.0
2018-04-26 17:30:00,11.0
2018-04-26 17:35:00,46.36585365853658
2018-04-26 17:40:00,111.0
2018-04-26 17:45:00,111.0
2018-04-26 17:50:00,111.0
2018-04-26 17:55:00,11.0
2018-04-26 18:00:00,111.0
2018-04-26 18:05:00,11.0
2018-04-26 18:10:00,11.0
2018-04-26 18:15:00,91.70175438596493
2018-04-26 18:20:00,111.0
2018-04-26 18:25:00,11.0
2018-04-26 18:30:00,111.0
2018-04-26 18:35:00,111.0
2018-04-26 18:40:00,11.0
2018-04-26 18:45:00,192.0
2018-04-26 18:50:00,192.0
2018-04-26 18:55:00,194.5
2018-04-26 19:00:00,195.0
2018-04-26 19:05:00,196.4
2018-04-26 19:10:00,197.0
2018-04-26 19:15:00,197.0
2018-04-26 19:20:00,197.0
2018-04-26 19:25:00,197.0
2018-04-26 19:30:00,197.0
2018-04-26 19:35:00,197.0
2018-04-26 19:40:00,199.0
2018-04-26 19:45:00,201.0
2018-04-26 19:50:00,198.0
2018-04-26 19:55:00,195.0
2018-04-26 20:00:00,198.0
2018-04-26 20:05:00,198.0
2018-04-26 20:10:00,194.0
2018-04-26 20:15:00,196.0
2018-04-26 20:20:00,189.45454545454547
2018-04-26 20:25:00,196.0
2018-04-26 20:30:00,191.0
2018-04-26 20:35:00,195.0
2018-04-26 20:40:00,188.72727272727272
2018-04-26 20:45:00,193.6
2018-04-26 20:50:00,190.0
2018-04-26 20:55:00,191.6
2018-04-26 21:00:00,192.4
2018-04-26 21:05:00,195.63636363636363
2018-04-26 21:10:00,199.0
2018-04-26 21:15:00,196.63636363636363
2018-04-26 21:20:00,195.4
2018-04-26 21:25:00,193.1818181818182
2018-04-26 21:30:00,198.0909090909091
2018-04-26 21:35:00,198.0
2018-04-26 21:40:00,199.0
2018-04-26 21:45:00,193.0
2018-04-26 21:50:00,198.0
2018-04-26 21:55:00,190.0
2018-04-26 22:00:00,192.6
2018-04-26 22:05:00,189.2
2018-04-26 22:10:00,191.0
2018-04-26 22:15:00,181.9090909090909
2018-04-26 22:20:00,190.8
2018-04-26 22:25:00,188.8
2018-04-26 22:30:00,193.0
2018-04-26 22:35:00,189.27272727272728
2018-04-26 22:40:00,191.0
2018-04-26 22:45:00,193.0
2018-04-26 22:50:00,193.4
2018-04-26 22:55:00,191.8
2018-04-26 23:00:00,196.3
2018-04-26 23:05:00,192.1
2018-04-26 23:10:00,194.27272727272728
2018-04-26 23:15:00,198.0
2018-04-26 23:20:00,197.0
2018-04-26 23:25:00,194.0
2018-04-26 23:30:00,193.1818181818182
2018-04-26 23:35:00,190.9090909090909
2018-04-26 23:40:00,195.0
2018-04-26 23:45:00,191.0
2018-04-26 23:50:00,191.0
2018-04-26 23:55:00,191.8125
2018-04-27 00:00:00,188.8533333333333
2018-04-27 00:05:00,305.17391304347825
2018-04-27 00:10:00,580.2857142857142
2018-04-27 00:15:00,716.0
2018-04-27 00:20:00,716.0
2018-04-27 00:25:00,716.0
2018-04-27 00:30:00,716.0
2018-04-27 00:35:00,716.0104588394063
2018-04-27 00:40:00,716.0441970310393
2018-04-27 00:45:00,716.0779352226721
2018-04-27 00:50:00,716.111673414305
2018-04-27 00:55:00,716.145411605938
2018-04-27 01:00:00,716.1791497975707
2018-04-27 01:05:00,716.2128879892038
2018-04-27 01:10:00,716.2466261808368
2018-04-27 01:15:00,716.2803643724696
2018-04-27 01:20:00,716.3141025641024
2018-04-27 01:25:00,716.3478407557354
2018-04-27 01:30:00,716.3815789473683
2018-04-27 01:35:00,716.4153171390013
2018-04-27 01:40:00,716.4490553306343
2018-04-27 01:45:00,716.4827935222673
2018-04-27 01:50:00,716.5165317139001
2018-04-27 01:55:00,716.550269905533
2018-04-27 02:00:00,716.584008097166
2018-04-27 02:05:00,716.6177462887988
2018-04-27 02:10:00,716.6514844804318
2018-04-27 02:15:00,716.6852226720648
2018-04-27 02:20:00,716.7189608636978
2018-04-27 02:25:00,716.7526990553307
2018-04-27 02:30:00,716.7864372469636
2018-04-27 02:35:00,716.8201754385965
2018-04-27 02:40:00,716.8539136302294
2018-04-27 02:45:00,716.8876518218624
2018-04-27 02:50:00,716.9213900134952
2018-04-27 02:55:00,716.9551282051282
2018-04-27 03:00:00,716.9888663967613
2018-04-27 03:05:00,717.0
2018-04-27 03:10:00,717.0
2018-04-27 03:15:00,717.0
2018-04-27 03:20:00,717.0
2018-04-27 03:25:00,717.0
2018-04-27 03:30:00,717.0
2018-04-27 03:35:00,717.0
2018-04-27 03:40:00,717.0
2018-04-27 03:45:00,277.0
2018-04-27 03:50:00,718.0
2018-04-27 03:55:00,718.0
2018-04-27 04:00:00,718.0
2018-04-27 04:05:00,718.0
2018-04-27 04:10:00,718.0
2018-04-27 04:15:00,718.0
2018-04-27 04:20:00,718.0
2018-04-27 04:25:00,717.0
2018-04-27 04:30:00,717.0
2018-04-27 04:35:00,717.0
2018-04-27 04:40:00,717.0
2018-04-27 04:45:00,718.0
2018-04-27 04:50:00,718.0
2018-04-27 04:55:00,717.0
2018-04-27 05:00:00,718.0
2018-04-27 05:05:00,717.0
2018-04-27 05:10:00,717.0
2018-04-27 05:15:00,717.0
2018-04-27 05:20:00,717.0
2018-04-27 05:25:00,717.0
2018-04-27 05:30:00,717.0
2018-04-27 05:35:00,717.0
2018-04-27 05:40:00,717.0
2018-04-27 05:45:00,717.0
2018-04-27 05:50:00,717.0
2018-04-27 05:55:00,717.0
2018-04-27 06:00:00,718.0
2018-04-27 06:05:00,718.0
2018-04-27 06:10:00,718.0
2018-04-27 06:15:00,718.0
2018-04-27 06:20:00,718.0
2018-04-27 06:25:00,718.0
2018-04-27 06:30:00,718.0
2018-04-27 06:35:00,718.0
2018-04-27 06:40:00,718.0
2018-04-27 06:45:00,718.0
2018-04-27 06:50:00,718.0
2018-04-27 06:55:00,718.0
2018-04-27 07:00:00,718.0
2018-04-27 07:05:00,718.0
2018-04-27 07:10:00,718.0
2018-04-27 07:15:00,718.0
2018-04-27 07:20:00,718.0
2018-04-27 07:25:00,718.0
2018-04-27 07:30:00,718.0
2018-04-27 07:35:00,718.0
2018-04-27 07:40:00,718.0
2018-04-27 07:45:00,718.0
2018-04-27 07:50:00,718.0
2018-04-27 07:55:00,717.0
2018-04-27 08:00:00,717.0
2018-04-27 08:05:00,717.0
2018-04-27 08:10:00,717.0
2018-04-27 08:15:00,717.0
2018-04-27 08:20:00,717.0
2018-04-27 08:25:00,717.0
2018-04-27 08:30:00,717.0
2018-04-27 08:35:00,717.0
2018-04-27 08:40:00,717.0
2018-04-27 08:45:00,718.0
2018-04-27 08:50:00,718.0
2018-04-27 08:55:00,718.0
2018-04-27 09:00:00,718.0
2018-04-27 09:05:00,718.0
2018-04-27 09:10:00,718.0
2018-04-27 09:15:00,718.0
2018-04-27 09:20:00,718.0
2018-04-27 09:25:00,718.0
2018-04-27 09:30:00,718.0
2018-04-27 09:35:00,718.0
2018-04-27 09:40:00,718.0
2018-04-27 09:45:00,718.0
2018-04-27 09:50:00,718.0
2018-04-27 09:55:00,718.0
2018-04-27 10:00:00,718.0
2018-04-27 10:05:00,718.0
2018-04-27 10:10:00,718.0
2018-04-27 10:15:00,718.0
2018-04-27 10:20:00,718.0
2018-04-27 10:25:00,718.0
2018-04-27 10:30:00,718.0
2018-04-27 10:35:00,718.3703703703702
2018-04-27 10:40:00,719.0
2018-04-27 10:45:00,718.0
2018-04-27 10:50:00,719.0
2018-04-27 10:55:00,719.0
2018-04-27 11:00:00,719.0
2018-04-27 11:05:00,719.0
2018-04-27 11:10:00,719.0
2018-04-27 11:15:00,719.0
2018-04-27 11:20:00,719.0
2018-04-27 11:25:00,719.0
2018-04-27 11:30:00,719.0
2018-04-27 11:35:00,719.0
2018-04-27 11:40:00,719.0
2018-04-27 11:45:00,719.0
2018-04-27 11:50:00,720.0
2018-04-27 11:55:00,720.0
2018-04-27 12:00:00,720.0
2018-04-27 12:05:00,720.0
2018-04-27 12:10:00,720.0
2018-04-27 12:15:00,720.0
2018-04-27 12:20:00,720.0
2018-04-27 12:25:00,720.0
2018-04-27 12:30:00,720.0
2018-04-27 12:35:00,721.0
2018-04-27 12:40:00,721.0
2018-04-27 12:45:00,721.0
2018-04-27 12:50:00,721.0
2018-04-27 12:55:00,721.0
2018-04-27 13:00:00,721.0
2018-04-27 13:05:00,721.0
2018-04-27 13:10:00,721.0
2018-04-27 13:15:00,722.0
2018-04-27 13:20:00,722.0
2018-04-27 13:25:00,722.0
2018-04-27 13:30:00,722.0
2018-04-27 13:35:00,722.0
2018-04-27 13:40:00,722.0
2018-04-27 13:45:00,722.0
2018-04-27 13:50:00,722.0
2018-04-27 13:55:00,722.0
2018-04-27 14:00:00,722.0
2018-04-27 14:05:00,722.0
2018-04-27 14:10:00,722.0
2018-04-27 14:15:00,722.0
2018-04-27 14:20:00,722.0
2018-04-27 14:25:00,722.0
2018-04-27 14:30:00,722.0
2018-04-27 14:35:00,722.0
2018-04-27 14:40:00,722.0
2018-04-27 14:45:00,723.0
2018-04-27 14:50:00,723.0
2018-04-27 14:55:00,723.0
2018-04-27 15:00:00,723.0
2018-04-27 15:05:00,723.0
2018-04-27 15:10:00,723.0
2018-04-27 15:15:00,723.0
2018-04-27 15:20:00,723.0
2018-04-27 15:25:00,723.0
2018-04-27 15:30:00,723.0
2018-04-27 15:35:00,723.0
2018-04-27 15:40:00,723.0
2018-04-27 15:45:00,723.0
2018-04-27 15:50:00,723.0
2018-04-27 15:55:00,723.0
2018-04-27 16:00:00,723.0
2018-04-27 16:05:00,723.0
2018-04-27 16:10:00,723.0
2018-04-27 16:15:00,723.0
2018-04-27 16:20:00,723.0
2018-04-27 16:25:00,723.0
2018-04-27 16:30:00,723.0
2018-04-27 16:35:00,723.0
2018-04-27 16:40:00,723.0
2018-04-27 16:45:00,723.0
2018-04-27 16:50:00,723.0
2018-04-27 16:55:00,723.0
2018-04-27 17:00:00,723.0
2018-04-27 17:05:00,723.0
2018-04-27 17:10:00,723.0
2018-04-27 17:15:00,723.0
2018-04-27 17:20:00,722.0
2018-04-27 17:25:00,722.0
2018-04-27 17:30:00,722.0
2018-04-27 17:35:00,722.0
2018-04-27 17:40:00,722.0
2018-04-27 17:45:00,722.0
2018-04-27 17:50:00,722.0
2018-04-27 17:55:00,722.0
2018-04-27 18:00:00,722.0
2018-04-27 18:05:00,722.0
2018-04-27 18:10:00,722.0
2018-04-27 18:15:00,722.0
2018-04-27 18:20:00,721.0
2018-04-27 18:25:00,721.0
2018-04-27 18:30:00,721.0
2018-04-27 18:35:00,721.0
2018-04-27 18:40:00,721.0
2018-04-27 18:45:00,721.0
2018-04-27 18:50:00,721.0
2018-04-27 18:55:00,721.0
2018-04-27 19:00:00,721.0
2018-04-27 19:05:00,721.0
2018-04-27 19:10:00,721.0
2018-04-27 19:15:00,721.0
2018-04-27 19:20:00,721.0
2018-04-27 19:25:00,721.0
2018-04-27 19:30:00,721.0
2018-04-27 19:35:00,721.0
2018-04-27 19:40:00,721.0
2018-04-27 19:45:00,720.0
2018-04-27 19:50:00,720.0
2018-04-27 19:55:00,720.0
2018-04-27 20:00:00,720.0
2018-04-27 20:05:00,720.0
2018-04-27 20:10:00,720.0
2018-04-27 20:15:00,720.0
2018-04-27 20:20:00,720.0
2018-04-27 20:25:00,720.0
2018-04-27 20:30:00,720.0
2018-04-27 20:35:00,720.0
2018-04-27 20:40:00,720.0
2018-04-27 20:45:00,720.0
2018-04-27 20:50:00,720.0
2018-04-27 20:55:00,720.0
2018-04-27 21:00:00,720.0
2018-04-27 21:05:00,720.0
2018-04-27 21:10:00,719.7142857142858
2018-04-27 21:15:00,719.0
2018-04-27 21:20:00,719.0
2018-04-27 21:25:00,719.0
2018-04-27 21:30:00,719.0
2018-04-27 21:35:00,719.0
2018-04-27 21:40:00,719.0
2018-04-27 21:45:00,719.0
2018-04-27 21:50:00,719.0
2018-04-27 21:55:00,719.0
2018-04-27 22:00:00,719.0
2018-04-27 22:05:00,719.0
2018-04-27 22:10:00,719.0
2018-04-27 22:15:00,719.0
2018-04-27 22:20:00,719.0
2018-04-27 22:25:00,719.0
2018-04-27 22:30:00,719.0
2018-04-27 22:35:00,719.0
2018-04-27 22:40:00,719.0
2018-04-27 22:45:00,719.0
2018-04-27 22:50:00,719.0
2018-04-27 22:55:00,719.0
2018-04-27 23:00:00,719.0
2018-04-27 23:05:00,719.0
2018-04-27 23:10:00,719.0
2018-04-27 23:15:00,719.0
2018-04-27 23:20:00,719.0
2018-04-27 23:25:00,719.0
2018-04-27 23:30:00,719.0
2018-04-27 23:35:00,719.0
2018-04-27 23:40:00,719.0
2018-04-27 23:45:00,719.0
2018-04-27 23:50:00,719.0
2018-04-27 23:55:00,719.0
2018-04-28 00:00:00,719.0
2018-04-28 00:05:00,719.0
2018-04-28 00:10:00,719.0
2018-04-28 00:15:00,719.0
2018-04-28 00:20:00,719.0
2018-04-28 00:25:00,668.8571428571429
2018-04-28 00:30:00,592.6923076923077
2018-04-28 00:35:00,530.6923076923076
2018-04-28 00:40:00,470.21428571428567
2018-04-28 00:45:00,424.9285714285714
2018-04-28 00:50:00,381.57142857142856
2018-04-28 00:55:00,341.3076923076923
2018-04-28 01:00:00,305.2857142857143
2018-04-28 01:05:00,272.42857142857144
2018-04-28 01:10:00,244.66666666666663
2018-04-28 01:15:00,219.85714285714286
2018-04-28 01:20:00,197.0769230769231
2018-04-28 01:25:00,177.53333333333333
2018-04-28 01:30:00,160.0
2018-04-28 01:35:00,144.38461538461542
2018-04-28 01:40:00,130.28571428571428
2018-04-28 01:45:00,118.76923076923076
2018-04-28 01:50:00,109.0
2018-04-28 01:55:00,91.53846153846152
2018-04-28 02:00:00,65.0
2018-04-28 02:05:00,47.714285714285715
2018-04-28 02:10:00,35.0
2018-04-28 02:15:00,26.0
2018-04-28 02:20:00,20.0
2018-04-28 02:25:00,16.0
2018-04-28 02:30:00,13.0
2018-04-28 02:35:00,10.214285714285714
2018-04-28 02:40:00,9.0
2018-04-28 02:45:00,8.0
2018-04-28 02:50:00,7.0
2018-04-28 02:55:00,7.0
2018-04-28 03:00:00,7.0
2018-04-28 03:05:00,6.0
2018-04-28 03:10:00,6.0
2018-04-28 03:15:00,6.0
2018-04-28 03:20:00,6.0
2018-04-28 03:25:00,4.0
2018-04-28 03:30:00,2.0
2018-04-28 03:35:00,1.0
2018-04-28 03:40:00,1.0
2018-04-28 03:45:00,1.0
2018-04-28 03:50:00,1.0
2018-04-28 03:55:00,15.818754726493573
2018-04-28 04:00:00,49.24451726745652
2018-04-28 04:05:00,82.67027980841947
2018-04-28 04:10:00,116.0960423493824
2018-04-28 04:15:00,149.52180489034538
2018-04-28 04:20:00,182.94756743130833
2018-04-28 04:25:00,216.3733299722712
2018-04-28 04:30:00,249.79909251323414
2018-04-28 04:35:00,283.2248550541971
2018-04-28 04:40:00,316.65061759516004
2018-04-28 04:45:00,350.07638013612296
2018-04-28 04:50:00,383.50214267708594
2018-04-28 04:55:00,416.92790521804886
2018-04-28 05:00:00,440.0
2018-04-28 05:05:00,422.38888888888886
2018-04-28 05:10:00,405.47058823529403
2018-04-28 05:15:00,391.0
2018-04-28 05:20:00,378.25
2018-04-28 05:25:00,366.25
2018-04-28 05:30:00,356.2352941176471
2018-04-28 05:35:00,347.38888888888886
2018-04-28 05:40:00,339.0
2018-04-28 05:45:00,332.0
2018-04-28 05:50:00,326.88235294117646
2018-04-28 05:55:00,322.0
2018-04-28 06:00:00,317.0
2018-04-28 06:05:00,312.0
2018-04-28 06:10:00,307.11764705882354
2018-04-28 06:15:00,301.23529411764713
2018-04-28 06:20:00,295.0
2018-04-28 06:25:00,291.0
2018-04-28 06:30:00,286.0
2018-04-28 06:35:00,282.0
2018-04-28 06:40:00,279.0
2018-04-28 06:45:00,274.375
2018-04-28 06:50:00,270.73333333333335
2018-04-28 06:55:00,267.0
2018-04-28 07:00:00,263.0
2018-04-28 07:05:00,259.0
2018-04-28 07:10:00,254.0
2018-04-28 07:15:00,251.0
2018-04-28 07:20:00,249.0
2018-04-28 07:25:00,249.0
2018-04-28 07:30:00,248.0
2018-04-28 07:35:00,246.0
2018-04-28 07:40:00,244.0
2018-04-28 07:45:00,242.44444444444446
2018-04-28 07:50:00,241.0
2018-04-28 07:55:00,241.0
2018-04-28 08:00:00,239.0
2018-04-28 08:05:00,236.0
2018-04-28 08:10:00,234.7647058823529
2018-04-28 08:15:00,233.0
2018-04-28 08:20:00,230.17647058823533
2018-04-28 08:25:00,227.68421052631575
2018-04-28 08:30:00,225.11764705882354
2018-04-28 08:35:00,223.0
2018-04-28 08:40:00,221.0
2018-04-28 08:45:00,218.0
2018-04-28 08:50:00,216.0
2018-04-28 08:55:00,215.0
2018-04-28 09:00:00,213.0
2018-04-28 09:05:00,213.0
2018-04-28 09:10:00,213.0
2018-04-28 09:15:00,212.0
2018-04-28 09:20:00,211.0
2018-04-28 09:25:00,211.0
2018-04-28 09:30:00,211.0
2018-04-28 09:35:00,211.0
2018-04-28 09:40:00,211.0
2018-04-28 09:45:00,211.0
2018-04-28 09:50:00,210.0
2018-04-28 09:55:00,208.0
2018-04-28 10:00:00,207.0
2018-04-28 10:05:00,206.0
2018-04-28 10:10:00,204.38888888888889
2018-04-28 10:15:00,203.0
2018-04-28 10:20:00,201.0
2018-04-28 10:25:00,200.0
2018-04-28 10:30:00,199.0
2018-04-28 10:35:00,198.0
2018-04-28 10:40:00,198.0
2018-04-28 10:45:00,197.0
2018-04-28 10:50:00,197.0
2018-04-28 10:55:00,197.0
2018-04-28 11:00:00,197.0
2018-04-28 11:05:00,198.0
2018-04-28 11:10:00,198.0
2018-04-28 11:15:00,198.0
2018-04-28 11:20:00,198.0
2018-04-28 11:25:00,199.0
2018-04-28 11:30:00,198.0
2018-04-28 11:35:00,198.0
2018-04-28 11:40:00,197.0
2018-04-28 11:45:00,195.0
2018-04-28 11:50:00,195.0
2018-04-28 11:55:00,193.0
2018-04-28 12:00:00,192.0
2018-04-28 12:05:00,191.0
2018-04-28 12:10:00,184.38704965920155
2018-04-28 12:15:00,177.52239532619282
2018-04-28 12:20:00,170.65774099318404
2018-04-28 12:25:00,163.79308666017528
2018-04-28 12:30:00,156.9284323271665
2018-04-28 12:35:00,150.0637779941577
2018-04-28 12:40:00,143.19912366114897
2018-04-28 12:45:00,136.33446932814022
2018-04-28 12:50:00,129.46981499513146
2018-04-28 12:55:00,122.60516066212269
2018-04-28 13:00:00,115.74050632911393
2018-04-28 13:05:00,108.87585199610515
2018-04-28 13:10:00,102.01119766309641
2018-04-28 13:15:00,95.14654333008764
2018-04-28 13:20:00,88.28188899707888
2018-04-28 13:25:00,81.41723466407011
2018-04-28 13:30:00,74.55258033106135
2018-04-28 13:35:00,67.68792599805258
2018-04-28 13:40:00,60.82327166504382
2018-04-28 13:45:00,53.95861733203507
2018-04-28 13:50:00,47.093962999026296
2018-04-28 13:55:00,40.22930866601752
2018-04-28 14:00:00,33.36465433300876
2018-04-28 14:05:00,26.5
2018-04-28 14:10:00,19.63534566699124
2018-04-28 14:15:00,12.770691333982484
2018-04-28 14:20:00,5.9060370009737255
2018-04-28 14:25:00,329.23076923076917
2018-04-28 14:30:00,721.0
2018-04-28 14:35:00,721.0
2018-04-28 14:40:00,721.0
2018-04-28 14:45:00,721.0
2018-04-28 14:50:00,721.0
2018-04-28 14:55:00,721.0
2018-04-28 15:00:00,721.0
2018-04-28 15:05:00,721.0
2018-04-28 15:10:00,721.0
2018-04-28 15:15:00,722.0
2018-04-28 15:20:00,722.0
2018-04-28 15:25:00,722.0
2018-04-28 15:30:00,722.0
2018-04-28 15:35:00,722.0
2018-04-28 15:40:00,722.0
2018-04-28 15:45:00,722.0
2018-04-28 15:50:00,722.0
2018-04-28 15:55:00,722.0
2018-04-28 16:00:00,722.0
2018-04-28 16:05:00,722.0
2018-04-28 16:10:00,722.0
2018-04-28 16:15:00,722.0
2018-04-28 16:20:00,722.0
2018-04-28 16:25:00,722.0
2018-04-28 16:30:00,722.0
2018-04-28 16:35:00,722.0
2018-04-28 16:40:00,722.0
2018-04-28 16:45:00,722.0
2018-04-28 16:50:00,722.0
2018-04-28 16:55:00,722.0
2018-04-28 17:00:00,722.0
2018-04-28 17:05:00,722.0
2018-04-28 17:10:00,722.0
2018-04-28 17:15:00,722.0
2018-04-28 17:20:00,722.0
2018-04-28 17:25:00,722.0
2018-04-28 17:30:00,722.0
2018-04-28 17:35:00,722.0
2018-04-28 17:40:00,722.0
2018-04-28 17:45:00,722.0
2018-04-28 17:50:00,722.0
2018-04-28 17:55:00,722.0
2018-04-28 18:00:00,722.0
2018-04-28 18:05:00,722.0
2018-04-28 18:10:00,721.0
2018-04-28 18:15:00,721.0
2018-04-28 18:20:00,721.0
2018-04-28 18:25:00,721.0
2018-04-28 18:30:00,721.0
2018-04-28 18:35:00,721.0
2018-04-28 18:40:00,721.0
2018-04-28 18:45:00,721.0
2018-04-28 18:50:00,721.0
2018-04-28 18:55:00,721.0
2018-04-28 19:00:00,721.0
2018-04-28 19:05:00,721.0
2018-04-28 19:10:00,721.0
2018-04-28 19:15:00,721.0
2018-04-28 19:20:00,721.0
2018-04-28 19:25:00,721.0
2018-04-28 19:30:00,721.0
2018-04-28 19:35:00,721.0
2018-04-28 19:40:00,721.0
2018-04-28 19:45:00,720.0
2018-04-28 19:50:00,720.0
2018-04-28 19:55:00,720.0
2018-04-28 20:00:00,720.0
2018-04-28 20:05:00,720.0
2018-04-28 20:10:00,720.0
2018-04-28 20:15:00,720.0
2018-04-28 20:20:00,720.0
2018-04-28 20:25:00,720.0
2018-04-28 20:30:00,720.0
2018-04-28 20:35:00,720.0
2018-04-28 20:40:00,720.0
2018-04-28 20:45:00,720.0
2018-04-28 20:50:00,720.0
2018-04-28 20:55:00,720.0
2018-04-28 21:00:00,720.0
2018-04-28 21:05:00,720.0
2018-04-28 21:10:00,720.0
2018-04-28 21:15:00,720.0
2018-04-28 21:20:00,720.0
2018-04-28 21:25:00,720.0
2018-04-28 21:30:00,720.2142857142858
2018-04-28 21:35:00,720.0
2018-04-28 21:40:00,635.6153846153846
2018-04-28 21:45:00,554.0714285714286
2018-04-28 21:50:00,483.3846153846154
2018-04-28 21:55:00,422.76923076923083
2018-04-28 22:00:00,370.76923076923083
2018-04-28 22:05:00,325.2857142857143
2018-04-28 22:10:00,287.0
2018-04-28 22:15:00,253.0
2018-04-28 22:20:00,224.28571428571428
2018-04-28 22:25:00,198.7142857142857
2018-04-28 22:30:00,176.9230769230769
2018-04-28 22:35:00,157.0
2018-04-28 22:40:00,140.9230769230769
2018-04-28 22:45:00,125.96153846153848
2018-04-28 22:50:00,113.0
2018-04-28 22:55:00,102.21428571428572
2018-04-28 23:00:00,92.42857142857143
2018-04-28 23:05:00,84.0
2018-04-28 23:10:00,77.0
2018-04-28 23:15:00,57.53333333333333
2018-04-28 23:20:00,42.0
2018-04-28 23:25:00,32.0
2018-04-28 23:30:00,25.0
2018-04-28 23:35:00,20.428571428571427
2018-04-28 23:40:00,17.23076923076923
2018-04-28 23:45:00,16.0
2018-04-28 23:50:00,15.0
2018-04-28 23:55:00,17.0
2018-04-29 00:00:00,27.30769230769231
2018-04-29 00:05:00,34.0
2018-04-29 00:10:00,37.0
2018-04-29 00:15:00,38.0
2018-04-29 00:20:00,37.0
2018-04-29 00:25:00,36.0
2018-04-29 00:30:00,35.0
2018-04-29 00:35:00,33.0
2018-04-29 00:40:00,32.0
2018-04-29 00:45:00,31.0
2018-04-29 00:50:00,31.0
2018-04-29 00:55:00,30.0
2018-04-29 01:00:00,29.0
2018-04-29 01:05:00,29.0
2018-04-29 01:10:00,28.0
2018-04-29 01:15:00,28.0
2018-04-29 01:20:00,28.0
2018-04-29 01:25:00,28.0
2018-04-29 01:30:00,28.0
2018-04-29 01:35:00,27.0
2018-04-29 01:40:00,27.0
2018-04-29 01:45:00,27.0
2018-04-29 01:50:00,27.0
2018-04-29 01:55:00,26.857142857142854
2018-04-29 02:00:00,26.0
2018-04-29 02:05:00,26.0
2018-04-29 02:10:00,26.0
2018-04-29 02:15:00,26.0
2018-04-29 02:20:00,26.0
2018-04-29 02:25:00,26.0
2018-04-29 02:30:00,26.0
2018-04-29 02:35:00,26.0
2018-04-29 02:40:00,26.0
2018-04-29 02:45:00,26.0
2018-04-29 02:50:00,26.0
2018-04-29 02:55:00,26.0
2018-04-29 03:00:00,27.0
2018-04-29 03:05:00,27.0
2018-04-29 03:10:00,27.0
2018-04-29 03:15:00,27.0
2018-04-29 03:20:00,27.0
2018-04-29 03:25:00,27.0
2018-04-29 03:30:00,27.0
2018-04-29 03:35:00,27.0
2018-04-29 03:40:00,27.0
2018-04-29 03:45:00,27.0
2018-04-29 03:50:00,27.0
2018-04-29 03:55:00,27.0
2018-04-29 04:00:00,27.0
2018-04-29 04:05:00,27.0
2018-04-29 04:10:00,27.0
2018-04-29 04:15:00,27.0
2018-04-29 04:20:00,28.0
2018-04-29 04:25:00,28.0
2018-04-29 04:30:00,28.0
2018-04-29 04:35:00,28.026155033486816
2018-04-29 04:40:00,28.15271164713269
2018-04-29 04:45:00,28.27926826077857
2018-04-29 04:50:00,28.405824874424447
2018-04-29 04:55:00,28.53238148807032
2018-04-29 05:00:00,28.6589381017162
2018-04-29 05:05:00,28.785494715362077
2018-04-29 05:10:00,28.91205132900795
2018-04-29 05:15:00,29.038607942653826
2018-04-29 05:20:00,29.16516455629971
2018-04-29 05:25:00,29.29172116994559
2018-04-29 05:30:00,29.41827778359146
2018-04-29 05:35:00,29.544834397237334
2018-04-29 05:40:00,29.671391010883216
2018-04-29 05:45:00,29.79794762452909
2018-04-29 05:50:00,29.92450423817497
2018-04-29 05:55:00,30.05106085182085
2018-04-29 06:00:00,30.177617465466717
2018-04-29 06:05:00,30.304174079112602
2018-04-29 06:10:00,30.43073069275848
2018-04-29 06:15:00,30.55728730640436
2018-04-29 06:20:00,30.68384392005023
2018-04-29 06:25:00,30.810400533696107
2018-04-29 06:30:00,30.936957147341985
2018-04-29 06:35:00,31.06351376098786
2018-04-29 06:40:00,31.190070374633738
2018-04-29 06:45:00,31.316626988279616
2018-04-29 06:50:00,31.443183601925487
2018-04-29 06:55:00,31.569740215571372
2018-04-29 07:00:00,31.696296829217246
2018-04-29 07:05:00,31.82285344286312
2018-04-29 07:10:00,31.949410056509
2018-04-29 07:15:00,32.07596667015488
2018-04-29 07:20:00,32.20252328380075
2018-04-29 07:25:00,32.329079897446626
2018-04-29 07:30:00,32.45563651109251
2018-04-29 07:35:00,32.58219312473838
2018-04-29 07:40:00,32.70874973838426
2018-04-29 07:45:00,32.83530635203014
2018-04-29 07:50:00,32.96186296567601
2018-04-29 07:55:00,33.08841957932189
2018-04-29 08:00:00,33.21497619296777
2018-04-29 08:05:00,33.34153280661364
2018-04-29 08:10:00,33.468089420259524
2018-04-29 08:15:00,33.5946460339054
2018-04-29 08:20:00,33.72120264755128
2018-04-29 08:25:00,33.847759261197155
2018-04-29 08:30:00,33.97431587484303
2018-04-29 08:35:00,34.100872488488896
2018-04-29 08:40:00,34.227429102134785
2018-04-29 08:45:00,34.35398571578066
2018-04-29 08:50:00,34.48054232942654
2018-04-29 08:55:00,34.60709894307241
2018-04-29 09:00:00,34.73365555671829
2018-04-29 09:05:00,34.86021217036417
2018-04-29 09:10:00,34.98676878401005
2018-04-29 09:15:00,35.11332539765592
2018-04-29 09:20:00,35.2398820113018
2018-04-29 09:25:00,35.36643862494768
2018-04-29 09:30:00,35.492995238593544
2018-04-29 09:35:00,35.619551852239425
2018-04-29 09:40:00,35.74610846588531
2018-04-29 09:45:00,35.87266507953118
2018-04-29 09:50:00,35.99922169317706
2018-04-29 09:55:00,36.12577830682294
2018-04-29 10:00:00,36.25233492046881
2018-04-29 10:05:00,36.37889153411469
2018-04-29 10:10:00,36.505448147760575
2018-04-29 10:15:00,36.632004761406456
2018-04-29 10:20:00,36.75856137505232
2018-04-29 10:25:00,36.8851179886982
2018-04-29 10:30:00,37.01167460234407
2018-04-29 10:35:00,37.138231215989954
2018-04-29 10:40:00,37.26478782963583
2018-04-29 10:45:00,37.39134444328171
2018-04-29 10:50:00,37.51790105692759
2018-04-29 10:55:00,37.64445767057346
2018-04-29 11:00:00,37.77101428421935
2018-04-29 11:05:00,37.89757089786522
2018-04-29 11:10:00,38.02412751151109
2018-04-29 11:15:00,38.15068412515697
2018-04-29 11:20:00,38.27724073880285
2018-04-29 11:25:00,38.40379735244872
2018-04-29 11:30:00,38.5303539660946
2018-04-29 11:35:00,38.656910579740476
2018-04-29 11:40:00,38.78346719338636
2018-04-29 11:45:00,38.910023807032225
2018-04-29 11:50:00,39.0365804206781
2018-04-29 11:55:00,39.16313703432398
2018-04-29 12:00:00,39.28969364796986
2018-04-29 12:05:00,39.416250261615744
2018-04-29 12:10:00,39.54280687526162
2018-04-29 12:15:00,39.66936348890749
2018-04-29 12:20:00,39.79592010255337
2018-04-29 12:25:00,39.92247671619924
2018-04-29 12:30:00,40.049033329845116
2018-04-29 12:35:00,40.175589943491
2018-04-29 12:40:00,40.302146557136886
2018-04-29 12:45:00,40.428703170782754
2018-04-29 12:50:00,40.555259784428635
2018-04-29 12:55:00,40.68181639807451
2018-04-29 13:00:00,40.808373011720384
2018-04-29 13:05:00,40.934929625366266
2018-04-29 13:10:00,41.06148623901214
2018-04-29 13:15:00,41.188042852658015
2018-04-29 13:20:00,41.31459946630389
2018-04-29 13:25:00,41.44115607994978
2018-04-29 13:30:00,41.567712693595645
2018-04-29 13:35:00,41.694269307241534
2018-04-29 13:40:00,41.8208259208874
2018-04-29 13:45:00,41.94738253453328
2018-04-29 13:50:00,42.07393914817915
2018-04-29 13:55:00,42.20049576182503
2018-04-29 14:00:00,42.327052375470906
2018-04-29 14:05:00,42.45360898911679
2018-04-29 14:10:00,42.580165602762655
2018-04-29 14:15:00,42.70672221640854
2018-04-29 14:20:00,42.83327883005442
2018-04-29 14:25:00,42.959835443700285
2018-04-29 14:30:00,43.086392057346174
2018-04-29 14:35:00,43.21294867099205
2018-04-29 14:40:00,43.339505284637916
2018-04-29 14:45:00,43.4660618982838
2018-04-29 14:50:00,43.592618511929686
2018-04-29 14:55:00,43.71917512557554
2018-04-29 15:00:00,43.84573173922144
2018-04-29 15:05:00,43.97228835286732
2018-04-29 15:10:00,44.098844966513184
2018-04-29 15:15:00,44.225401580159065
2018-04-29 15:20:00,44.35195819380494
2018-04-29 15:25:00,44.47851480745081
2018-04-29 15:30:00,44.605071421096696
2018-04-29 15:35:00,44.73162803474258
2018-04-29 15:40:00,44.85818464838845
2018-04-29 15:45:00,44.98474126203432
2018-04-29 15:50:00,45.1112978756802
2018-04-29 15:55:00,45.237854489326075
2018-04-29 16:00:00,45.364411102971964
2018-04-29 16:05:00,45.49096771661783
2018-04-29 16:10:00,45.6175243302637
2018-04-29 16:15:00,45.74408094390958
2018-04-29 16:20:00,45.87063755755547
2018-04-29 16:25:00,45.99719417120134
2018-04-29 16:30:00,46.123750784847225
2018-04-29 16:35:00,46.25030739849309
2018-04-29 16:40:00,46.37686401213897
2018-04-29 16:45:00,46.503420625784855
2018-04-29 16:50:00,46.62997723943072
2018-04-29 16:55:00,46.75653385307661
2018-04-29 17:00:00,46.88309046672248
2018-04-29 17:05:00,47.009647080368346
2018-04-29 17:10:00,47.13620369401423
2018-04-29 17:15:00,47.26276030766011
2018-04-29 17:20:00,47.38931692130598
2018-04-29 17:25:00,47.51587353495186
2018-04-29 17:30:00,47.64243014859775
2018-04-29 17:35:00,47.768986762243614
2018-04-29 17:40:00,47.895543375889496
2018-04-29 17:45:00,48.02209998953537
2018-04-29 17:50:00,48.148656603181244
2018-04-29 17:55:00,48.27521321682713
2018-04-29 18:00:00,48.401769830473
2018-04-29 18:05:00,48.52832644411888
2018-04-29 18:10:00,48.65488305776475
2018-04-29 18:15:00,48.78143967141064
2018-04-29 18:20:00,48.907996285056505
2018-04-29 18:25:00,49.034552898702394
2018-04-29 18:30:00,49.16110951234826
2018-04-29 18:35:00,49.287666125994136
2018-04-29 18:40:00,49.414222739640024
2018-04-29 18:45:00,49.54077935328589
2018-04-29 18:50:00,49.66733596693177
2018-04-29 18:55:00,49.79389258057765
2018-04-29 19:00:00,49.92044919422353
2018-04-29 19:05:00,50.0470058078694
2018-04-29 19:10:00,50.173562421515285
2018-04-29 19:15:00,50.30011903516115
2018-04-29 19:20:00,50.42667564880704
2018-04-29 19:25:00,50.55323226245291
2018-04-29 19:30:00,50.67978887609878
2018-04-29 19:35:00,50.80634548974465
2018-04-29 19:40:00,50.93290210339054
2018-04-29 19:45:00,51.05945871703642
2018-04-29 19:50:00,51.186015330682295
2018-04-29 19:55:00,51.31257194432818
2018-04-29 20:00:00,51.439128557974044
2018-04-29 20:05:00,51.56568517161992
2018-04-29 20:10:00,51.6922417852658
2018-04-29 20:15:00,51.818798398911674
2018-04-29 20:20:00,51.94535501255756
2018-04-29 20:25:00,52.07191162620343
2018-04-29 20:30:00,52.1984682398493
2018-04-29 20:35:00,52.32502485349519
2018-04-29 20:40:00,52.45158146714107
2018-04-29 20:45:00,52.578138080786935
2018-04-29 20:50:00,52.704694694432824
2018-04-29 20:55:00,52.83125130807869
2018-04-29 21:00:00,52.957807921724566
2018-04-29 21:05:00,53.084364535370455
2018-04-29 21:10:00,53.210921149016336
2018-04-29 21:15:00,53.3374777626622
2018-04-29 21:20:00,53.46403437630808
2018-04-29 21:25:00,53.59059098995396
2018-04-29 21:30:00,53.71714760359983
2018-04-29 21:35:00,53.843704217245715
2018-04-29 21:40:00,53.97026083089159
2018-04-29 21:45:00,54.09681744453746
2018-04-29 21:50:00,54.223374058183346
2018-04-29 21:55:00,54.34993067182921
2018-04-29 22:00:00,54.4764872854751
2018-04-29 22:05:00,54.60304389912097
2018-04-29 22:10:00,54.72960051276685
2018-04-29 22:15:00,54.856157126412725
2018-04-29 22:20:00,54.98271374005861
2018-04-29 22:25:00,55.10927035370448
2018-04-29 22:30:00,55.235826967350356
2018-04-29 22:35:00,55.36238358099623
2018-04-29 22:40:00,55.488940194642105
2018-04-29 22:45:00,55.61549680828799
2018-04-29 22:50:00,55.74205342193386
2018-04-29 22:55:00,55.86861003557974
2018-04-29 23:00:00,55.99516664922562
2018-04-29 23:05:00,56.121723262871505
2018-04-29 23:10:00,56.248279876517365
2018-04-29 23:15:00,56.37483649016325
2018-04-29 23:20:00,56.50139310380912
2018-04-29 23:25:00,56.627949717454996
2018-04-29 23:30:00,56.754506331100885
2018-04-29 23:35:00,56.88106294474676
2018-04-29 23:40:00,57.007619558392626
2018-04-29 23:45:00,57.13417617203851
2018-04-29 23:50:00,57.26073278568438
2018-04-29 23:55:00,57.38728939933026
2018-04-30 00:00:00,57.51384601297614
2018-04-30 00:05:00,57.64040262662202
2018-04-30 00:10:00,57.76695924026789
2018-04-30 00:15:00,57.893515853913776
2018-04-30 00:20:00,58.02007246755964
2018-04-30 00:25:00,58.14662908120553
2018-04-30 00:30:00,58.2731856948514
2018-04-30 00:35:00,58.39974230849729
2018-04-30 00:40:00,58.526298922143155
2018-04-30 00:45:00,58.65285553578903
2018-04-30 00:50:00,58.7794121494349
2018-04-30 00:55:00,58.905968763080786
2018-04-30 01:00:00,59.032525376726674
2018-04-30 01:05:00,59.15908199037254
2018-04-30 01:10:00,59.28563860401842
2018-04-30 01:15:00,59.41219521766429
2018-04-30 01:20:00,59.538751831310165
2018-04-30 01:25:00,59.66530844495605
2018-04-30 01:30:00,59.791865058601935
2018-04-30 01:35:00,59.9184216722478
2018-04-30 01:40:00,60.04497828589368
2018-04-30 01:45:00,60.171534899539544
2018-04-30 01:50:00,60.29809151318543
2018-04-30 01:55:00,60.424648126831315
2018-04-30 02:00:00,60.55120474047719
2018-04-30 02:05:00,60.67776135412306
2018-04-30 02:10:00,60.80431796776894
2018-04-30 02:15:00,60.93087458141483
2018-04-30 02:20:00,61.057431195060694
2018-04-30 02:25:00,61.18398780870657
2018-04-30 02:30:00,61.31054442235246
2018-04-30 02:35:00,61.437101035998325
2018-04-30 02:40:00,61.563657649644206
2018-04-30 02:45:00,61.69021426329008
2018-04-30 02:50:00,61.81677087693596
2018-04-30 02:55:00,61.94332749058183
2018-04-30 03:00:00,62.06988410422772
2018-04-30 03:05:00,62.19644071787359
2018-04-30 03:10:00,62.32299733151946
2018-04-30 03:15:00,62.44955394516535
2018-04-30 03:20:00,62.576110558811216
2018-04-30 03:25:00,62.7026671724571
2018-04-30 03:30:00,62.82922378610297
2018-04-30 03:35:00,62.955780399748846
2018-04-30 03:40:00,63.08233701339473
2018-04-30 03:45:00,63.2088936270406
2018-04-30 03:50:00,63.33545024068648
2018-04-30 03:55:00,63.46200685433236
2018-04-30 04:00:00,63.58856346797823
2018-04-30 04:05:00,63.71512008162411
2018-04-30 04:10:00,63.841676695269996
2018-04-30 04:15:00,63.96823330891586
2018-04-30 04:20:00,64.09478992256174
2018-04-30 04:25:00,64.22134653620762
2018-04-30 04:30:00,64.3479031498535
2018-04-30 04:35:00,64.47445976349937
2018-04-30 04:40:00,64.60101637714524
2018-04-30 04:45:00,64.72757299079112
2018-04-30 04:50:00,64.85412960443699
2018-04-30 04:55:00,64.98068621808288
2018-04-30 05:00:00,65.10724283172875
2018-04-30 05:05:00,65.23379944537463
2018-04-30 05:10:00,65.36035605902052
2018-04-30 05:15:00,65.48691267266639
2018-04-30 05:20:00,65.61346928631228
2018-04-30 05:25:00,65.74002589995814
2018-04-30 05:30:00,65.86658251360402
2018-04-30 05:35:00,65.99313912724989
2018-04-30 05:40:00,66.11969574089576
2018-04-30 05:45:00,66.24625235454164
2018-04-30 05:50:00,66.37280896818753
2018-04-30 05:55:00,66.4993655818334
2018-04-30 06:00:00,66.62592219547928
2018-04-30 06:05:00,66.75247880912518
2018-04-30 06:10:00,66.87903542277104
2018-04-30 06:15:00,67.0055920364169
2018-04-30 06:20:00,67.13214865006279
2018-04-30 06:25:00,67.25870526370866
2018-04-30 06:30:00,67.38526187735454
2018-04-30 06:35:00,67.5118184910004
2018-04-30 06:40:00,67.63837510464629
2018-04-30 06:45:00,67.76493171829216
2018-04-30 06:50:00,67.89148833193805
2018-04-30 06:55:00,68.01804494558392
2018-04-30 07:00:00,68.1446015592298
2018-04-30 07:05:00,68.27115817287569
2018-04-30 07:10:00,68.39771478652156
2018-04-30 07:15:00,68.52427140016744
2018-04-30 07:20:00,68.65082801381331
2018-04-30 07:25:00,68.77738462745918
2018-04-30 07:30:00,68.90394124110506
2018-04-30 07:35:00,69.03049785475093
2018-04-30 07:40:00,69.15705446839682
2018-04-30 07:45:00,69.2836110820427
2018-04-30 07:50:00,69.41016769568857
2018-04-30 07:55:00,69.53672430933445
2018-04-30 08:00:00,69.66328092298033
2018-04-30 08:05:00,69.78983753662621
2018-04-30 08:10:00,69.91639415027207
2018-04-30 08:15:00,70.04295076391796
2018-04-30 08:20:00,70.16950737756383
2018-04-30 08:25:00,70.2960639912097
2018-04-30 08:30:00,70.42262060485558
2018-04-30 08:35:00,70.54917721850146
2018-04-30 08:40:00,70.67573383214733
2018-04-30 08:45:00,70.80229044579322
2018-04-30 08:50:00,70.9288470594391
2018-04-30 08:55:00,71.05540367308498
2018-04-30 09:00:00,71.18196028673086
2018-04-30 09:05:00,71.30851690037673
2018-04-30 09:10:00,71.4350735140226
2018-04-30 09:15:00,71.56163012766848
2018-04-30 09:20:00,71.68818674131434
2018-04-30 09:25:00,71.81474335496023
2018-04-30 09:30:00,71.94129996860609
2018-04-30 09:35:00,72.06785658225199
2018-04-30 09:40:00,72.19441319589788
2018-04-30 09:45:00,72.32096980954374
2018-04-30 09:50:00,72.44752642318961
2018-04-30 09:55:00,72.5740830368355
2018-04-30 10:00:00,72.70063965048138
2018-04-30 10:05:00,72.82719626412725
2018-04-30 10:10:00,72.95375287777313
2018-04-30 10:15:00,73.080309491419
2018-04-30 10:20:00,73.20686610506488
2018-04-30 10:25:00,73.33342271871075
2018-04-30 10:30:00,73.45997933235662
2018-04-30 10:35:00,73.58653594600251
2018-04-30 10:40:00,73.71309255964839
2018-04-30 10:45:00,73.83964917329426
2018-04-30 10:50:00,73.96620578694015
2018-04-30 10:55:00,74.09276240058604
2018-04-30 11:00:00,74.21931901423191
2018-04-30 11:05:00,74.34587562787777
2018-04-30 11:10:00,74.47243224152366
2018-04-30 11:15:00,74.59898885516951
2018-04-30 11:20:00,74.7255454688154
2018-04-30 11:25:00,74.85210208246126
2018-04-30 11:30:00,74.97865869610716
2018-04-30 11:35:00,75.10521530975305
2018-04-30 11:40:00,75.23177192339891
2018-04-30 11:45:00,75.35832853704478
2018-04-30 11:50:00,75.48488515069067
2018-04-30 11:55:00,75.61144176433655
2018-04-30 12:00:00,75.73799837798242
2018-04-30 12:05:00,75.8645549916283
2018-04-30 12:10:00,75.99111160527417
2018-04-30 12:15:00,76.11766821892004
2018-04-30 12:20:00,76.24422483256592
2018-04-30 12:25:00,76.3707814462118
2018-04-30 12:30:00,76.49733805985768
2018-04-30 12:35:00,76.62389467350356
2018-04-30 12:40:00,76.75045128714945
2018-04-30 12:45:00,76.87700790079532
2018-04-30 12:50:00,77.00356451444121
2018-04-30 12:55:00,77.13012112808707
2018-04-30 13:00:00,77.25667774173294
2018-04-30 13:05:00,77.3832343553788
2018-04-30 13:10:00,77.50979096902469
2018-04-30 13:15:00,77.63634758267057
2018-04-30 13:20:00,77.76290419631643
2018-04-30 13:25:00,77.88946080996232
2018-04-30 13:30:00,78.0160174236082
2018-04-30 13:35:00,78.14257403725408
2018-04-30 13:40:00,78.26913065089995
2018-04-30 13:45:00,78.39568726454584
2018-04-30 13:50:00,78.52224387819172
2018-04-30 13:55:00,78.64880049183759
2018-04-30 14:00:00,78.77535710548347
2018-04-30 14:05:00,78.90191371912934
2018-04-30 14:10:00,79.0284703327752
2018-04-30 14:15:00,79.15502694642109
2018-04-30 14:20:00,79.28158356006696
2018-04-30 14:25:00,79.40814017371285
2018-04-30 14:30:00,79.53469678735873
2018-04-30 14:35:00,79.66125340100459
2018-04-30 14:40:00,79.78781001465049
2018-04-30 14:45:00,79.91436662829635
2018-04-30 14:50:00,80.04092324194224
2018-04-30 14:55:00,80.16747985558811
2018-04-30 15:00:00,80.29403646923399
2018-04-30 15:05:00,80.42059308287986
2018-04-30 15:10:00,80.54714969652574
2018-04-30 15:15:00,80.67370631017161
2018-04-30 15:20:00,80.80026292381748
2018-04-30 15:25:00,80.92681953746337
2018-04-30 15:30:00,81.05337615110925
2018-04-30 15:35:00,81.17993276475512
2018-04-30 15:40:00,81.30648937840101
2018-04-30 15:45:00,81.43304599204689
2018-04-30 15:50:00,81.55960260569277
2018-04-30 15:55:00,81.68615921933862
2018-04-30 16:00:00,81.81271583298451
2018-04-30 16:05:00,81.93927244663037
2018-04-30 16:10:00,82.06582906027627
2018-04-30 16:15:00,82.19238567392213
2018-04-30 16:20:00,82.31894228756802
2018-04-30 16:25:00,82.44549890121391
2018-04-30 16:30:00,82.57205551485976
2018-04-30 16:35:00,82.69861212850566
2018-04-30 16:40:00,82.82516874215153
2018-04-30 16:45:00,82.95172535579741
2018-04-30 16:50:00,83.07828196944328
2018-04-30 16:55:00,83.20483858308916
2018-04-30 17:00:00,83.33139519673503
2018-04-30 17:05:00,83.4579518103809
2018-04-30 17:10:00,83.58450842402678
2018-04-30 17:15:00,83.71106503767265
2018-04-30 17:20:00,83.83762165131856
2018-04-30 17:25:00,83.96417826496442
2018-04-30 17:30:00,84.09073487861029
2018-04-30 17:35:00,84.21729149225618
2018-04-30 17:40:00,84.34384810590204
2018-04-30 17:45:00,84.47040471954794
2018-04-30 17:50:00,84.5969613331938
2018-04-30 17:55:00,84.72351794683969
2018-04-30 18:00:00,84.85007456048554
2018-04-30 18:05:00,84.97663117413144
2018-04-30 18:10:00,85.1031877877773
2018-04-30 18:15:00,85.22974440142319
2018-04-30 18:20:00,85.35630101506906
2018-04-30 18:25:00,85.48285762871494
2018-04-30 18:30:00,85.60941424236083
2018-04-30 18:35:00,85.7359708560067
2018-04-30 18:40:00,85.86252746965258
2018-04-30 18:45:00,85.98908408329845
2018-04-30 18:50:00,86.11564069694433
2018-04-30 18:55:00,86.24219731059021
2018-04-30 19:00:00,86.36875392423607
2018-04-30 19:05:00,86.49531053788195
2018-04-30 19:10:00,86.62186715152781
2018-04-30 19:15:00,86.7484237651737
2018-04-30 19:20:00,86.8749803788196
2018-04-30 19:25:00,87.00153699246547
2018-04-30 19:30:00,87.12809360611134
2018-04-30 19:35:00,87.25465021975721
2018-04-30 19:40:00,87.3812068334031
2018-04-30 19:45:00,87.50776344704897
2018-04-30 19:50:00,87.63432006069485
2018-04-30 19:55:00,87.76087667434072
2018-04-30 20:00:00,87.8874332879866
2018-04-30 20:05:00,88.01398990163246
2018-04-30 20:10:00,88.14054651527836
2018-04-30 20:15:00,88.26710312892423
2018-04-30 20:20:00,88.39365974257011
2018-04-30 20:25:00,88.520216356216
2018-04-30 20:30:00,88.64677296986187
2018-04-30 20:35:00,88.77332958350775
2018-04-30 20:40:00,88.89988619715362
2018-04-30 20:45:00,89.02644281079951
2018-04-30 20:50:00,89.15299942444538
2018-04-30 20:55:00,89.27955603809124
2018-04-30 21:00:00,89.40611265173712
2018-04-30 21:05:00,89.53266926538299
2018-04-30 21:10:00,89.65922587902887
2018-04-30 21:15:00,89.78578249267477
2018-04-30 21:20:00,89.91233910632064
2018-04-30 21:25:00,90.0388957199665
2018-04-30 21:30:00,90.16545233361241
2018-04-30 21:35:00,90.29200894725828
2018-04-30 21:40:00,90.41856556090414
2018-04-30 21:45:00,90.54512217455002
2018-04-30 21:50:00,90.67167878819588
2018-04-30 21:55:00,90.79823540184178
2018-04-30 22:00:00,90.92479201548764
2018-04-30 22:05:00,91.05134862913351
2018-04-30 22:10:00,91.1779052427794
2018-04-30 22:15:00,91.30446185642529
2018-04-30 22:20:00,91.43101847007117
2018-04-30 22:25:00,91.55757508371704
2018-04-30 22:30:00,91.68413169736291
2018-04-30 22:35:00,91.8106883110088
2018-04-30 22:40:00,91.93724492465465
2018-04-30 22:45:00,92.06380153830055
2018-04-30 22:50:00,92.19035815194641
2018-04-30 22:55:00,92.31691476559229
2018-04-30 23:00:00,92.44347137923819
2018-04-30 23:05:00,92.57002799288405
2018-04-30 23:10:00,92.69658460652992
2018-04-30 23:15:00,92.8231412201758
2018-04-30 23:20:00,92.94969783382167
2018-04-30 23:25:00,93.07625444746756
2018-04-30 23:30:00,93.20281106111344
2018-04-30 23:35:00,93.32936767475931
2018-04-30 23:40:00,93.45592428840521
2018-04-30 23:45:00,93.58248090205107
2018-04-30 23:50:00,93.70903751569695
2018-04-30 23:55:00,93.83559412934281
2018-05-01 00:00:00,93.9621507429887
2018-05-01 00:05:00,94.08870735663456
2018-05-01 00:10:00,94.21526397028043
2018-05-01 00:15:00,94.34182058392632
2018-05-01 00:20:00,94.46837719757221
2018-05-01 00:25:00,94.59493381121807
2018-05-01 00:30:00,94.72149042486394
2018-05-01 00:35:00,94.84804703850985
2018-05-01 00:40:00,94.97460365215572
2018-05-01 00:45:00,95.10116026580158
2018-05-01 00:50:00,95.22771687944748
2018-05-01 00:55:00,95.35427349309334
2018-05-01 01:00:00,95.48083010673922
2018-05-01 01:05:00,95.6073867203851
2018-05-01 01:10:00,95.73394333403095
2018-05-01 01:15:00,95.86049994767684
2018-05-01 01:20:00,95.98705656132273
2018-05-01 01:25:00,96.11361317496859
2018-05-01 01:30:00,96.24016978861448
2018-05-01 01:35:00,96.36672640226035
2018-05-01 01:40:00,96.49328301590624
2018-05-01 01:45:00,96.61983962955212
2018-05-01 01:50:00,96.74639624319799
2018-05-01 01:55:00,96.87295285684387
2018-05-01 02:00:00,96.99950947048973
2018-05-01 02:05:00,97.12606608413563
2018-05-01 02:10:00,97.25262269778149
2018-05-01 02:15:00,97.37917931142738
2018-05-01 02:20:00,97.50573592507324
2018-05-01 02:25:00,97.63229253871911
2018-05-01 02:30:00,97.758849152365
2018-05-01 02:35:00,97.88540576601088
2018-05-01 02:40:00,98.01196237965678
2018-05-01 02:45:00,98.13851899330263
2018-05-01 02:50:00,98.26507560694851
2018-05-01 02:55:00,98.3916322205944
2018-05-01 03:00:00,98.51818883424026
2018-05-01 03:05:00,98.64474544788614
2018-05-01 03:10:00,98.771302061532
2018-05-01 03:15:00,98.8978586751779
2018-05-01 03:20:00,99.02441528882376
2018-05-01 03:25:00,99.15097190246964
2018-05-01 03:30:00,99.27752851611551
2018-05-01 03:35:00,99.40408512976141
2018-05-01 03:40:00,99.53064174340729
2018-05-01 03:45:00,99.65719835705316
2018-05-01 03:50:00,99.78375497069905
2018-05-01 03:55:00,99.91031158434492
2018-05-01 04:00:00,100.03686819799078
2018-05-01 04:05:00,100.16342481163666
2018-05-01 04:10:00,100.28998142528255
2018-05-01 04:15:00,100.41653803892841
2018-05-01 04:20:00,100.5430946525743
2018-05-01 04:25:00,100.66965126622016
2018-05-01 04:30:00,100.79620787986605
2018-05-01 04:35:00,100.92276449351192
2018-05-01 04:40:00,101.04932110715781
2018-05-01 04:45:00,101.17587772080368
2018-05-01 04:50:00,101.30243433444956
2018-05-01 04:55:00,101.42899094809543
2018-05-01 05:00:00,101.55554756174129
2018-05-01 05:05:00,101.68210417538721
2018-05-01 05:10:00,101.80866078903307
2018-05-01 05:15:00,101.93521740267893
2018-05-01 05:20:00,102.0617740163248
2018-05-01 05:25:00,102.18833062997071
2018-05-01 05:30:00,102.31488724361657
2018-05-01 05:35:00,102.44144385726246
2018-05-01 05:40:00,102.56800047090832
2018-05-01 05:45:00,102.69455708455419
2018-05-01 05:50:00,102.82111369820008
2018-05-01 05:55:00,102.94767031184595
2018-05-01 06:00:00,103.07422692549184
2018-05-01 06:05:00,103.20078353913773
2018-05-01 06:10:00,103.32734015278359
2018-05-01 06:15:00,103.45389676642948
2018-05-01 06:20:00,103.58045338007534
2018-05-01 06:25:00,103.7070099937212
2018-05-01 06:30:00,103.83356660736708
2018-05-01 06:35:00,103.96012322101299
2018-05-01 06:40:00,104.08667983465885
2018-05-01 06:45:00,104.21323644830471
2018-05-01 06:50:00,104.33979306195059
2018-05-01 06:55:00,104.46634967559649
2018-05-01 07:00:00,104.59290628924236
2018-05-01 07:05:00,104.71946290288824
2018-05-01 07:10:00,104.84601951653411
2018-05-01 07:15:00,104.97257613018
2018-05-01 07:20:00,105.09913274382586
2018-05-01 07:25:00,105.22568935747174
2018-05-01 07:30:00,105.35224597111765
2018-05-01 07:35:00,105.47880258476351
2018-05-01 07:40:00,105.60535919840936
2018-05-01 07:45:00,105.73191581205522
2018-05-01 07:50:00,105.85847242570112
2018-05-01 07:55:00,105.985029039347
2018-05-01 08:00:00,106.11158565299287
2018-05-01 08:05:00,106.23814226663877
2018-05-01 08:10:00,106.36469888028464
2018-05-01 08:15:00,106.49125549393051
2018-05-01 08:20:00,106.61781210757637
2018-05-01 08:25:00,106.74436872122227
2018-05-01 08:30:00,106.87092533486816
2018-05-01 08:35:00,106.99748194851402
2018-05-01 08:40:00,107.1240385621599
2018-05-01 08:45:00,107.25059517580576
2018-05-01 08:50:00,107.37715178945163
2018-05-01 08:55:00,107.50370840309752
2018-05-01 09:00:00,107.63026501674341
2018-05-01 09:05:00,107.7568216303893
2018-05-01 09:10:00,107.88337824403514
2018-05-01 09:15:00,108.00993485768105
2018-05-01 09:20:00,108.1364914713269
2018-05-01 09:25:00,108.2630480849728
2018-05-01 09:30:00,108.38960469861868
2018-05-01 09:35:00,108.51616131226454
2018-05-01 09:40:00,108.64271792591042
2018-05-01 09:45:00,108.76927453955628
2018-05-01 09:50:00,108.89583115320215
2018-05-01 09:55:00,109.02238776684807
2018-05-01 10:00:00,109.14894438049393
2018-05-01 10:05:00,109.2755009941398
2018-05-01 10:10:00,109.40205760778568
2018-05-01 10:15:00,109.52861422143157
2018-05-01 10:20:00,109.65517083507744
2018-05-01 10:25:00,109.78172744872332
2018-05-01 10:30:00,109.90828406236919
2018-05-01 10:35:00,110.03484067601507
2018-05-01 10:40:00,110.16139728966093
2018-05-01 10:45:00,110.28795390330679
2018-05-01 10:50:00,110.4145105169527
2018-05-01 10:55:00,110.54106713059858
2018-05-01 11:00:00,110.66762374424444
2018-05-01 11:05:00,110.79418035789033
2018-05-01 11:10:00,110.9207369715362
2018-05-01 11:15:00,111.04729358518208
2018-05-01 11:20:00,111.17385019882795
2018-05-01 11:25:00,111.30040681247385
2018-05-01 11:30:00,111.42696342611973
2018-05-01 11:35:00,111.55352003976559
2018-05-01 11:40:00,111.68007665341145
2018-05-01 11:45:00,111.80663326705734
2018-05-01 11:50:00,111.93318988070322
2018-05-01 11:55:00,112.0597464943491
2018-05-01 12:00:00,112.18630310799496
2018-05-01 12:05:00,112.31285972164083
2018-05-01 12:10:00,112.43941633528671
2018-05-01 12:15:00,112.5659729489326
2018-05-01 12:20:00,112.69252956257849
2018-05-01 12:25:00,112.81908617622436
2018-05-01 12:30:00,112.94564278987025
2018-05-01 12:35:00,113.07219940351612
2018-05-01 12:40:00,113.19875601716198
2018-05-01 12:45:00,113.32531263080787
2018-05-01 12:50:00,113.45186924445377
2018-05-01 12:55:00,113.57842585809964
2018-05-01 13:00:00,113.7049824717455
2018-05-01 13:05:00,113.83153908539137
2018-05-01 13:10:00,113.95809569903723
2018-05-01 13:15:00,114.08465231268312
2018-05-01 13:20:00,114.21120892632901
2018-05-01 13:25:00,114.33776553997488
2018-05-01 13:30:00,114.46432215362076
2018-05-01 13:35:00,114.59087876726663
2018-05-01 13:40:00,114.71743538091252
2018-05-01 13:45:00,114.84399199455841
2018-05-01 13:50:00,114.97054860820428
2018-05-01 13:55:00,115.09710522185014
2018-05-01 14:00:00,115.22366183549603
2018-05-01 14:05:00,115.35021844914188
2018-05-01 14:10:00,115.47677506278778
2018-05-01 14:15:00,115.60333167643364
2018-05-01 14:20:00,115.72988829007951
2018-05-01 14:25:00,115.85644490372542
2018-05-01 14:30:00,115.98300151737128
2018-05-01 14:35:00,116.10955813101715
2018-05-01 14:40:00,116.23611474466304
2018-05-01 14:45:00,116.36267135830893
2018-05-01 14:50:00,116.4892279719548
2018-05-01 14:55:00,116.61578458560066
2018-05-01 15:00:00,116.74234119924654
2018-05-01 15:05:00,116.8688978128924
2018-05-01 15:10:00,116.9954544265383
2018-05-01 15:15:00,117.12201104018419
2018-05-01 15:20:00,117.24856765383005
2018-05-01 15:25:00,117.37512426747593
2018-05-01 15:30:00,117.50168088112179
2018-05-01 15:35:00,117.62823749476769
2018-05-01 15:40:00,117.75479410841356
2018-05-01 15:45:00,117.88135072205944
2018-05-01 15:50:00,118.00790733570531
2018-05-01 15:55:00,118.1344639493512
2018-05-01 16:00:00,118.26102056299706
2018-05-01 16:05:00,118.38757717664295
2018-05-01 16:10:00,118.51413379028881
2018-05-01 16:15:00,118.64069040393471
2018-05-01 16:20:00,118.76724701758057
2018-05-01 16:25:00,118.89380363122645
2018-05-01 16:30:00,119.02036024487231
2018-05-01 16:35:00,119.1469168585182
2018-05-01 16:40:00,119.27347347216408
2018-05-01 16:45:00,119.40003008580996
2018-05-01 16:50:00,119.52658669945585
2018-05-01 16:55:00,119.65314331310171
2018-05-01 17:00:00,119.77969992674757
2018-05-01 17:05:00,119.90625654039349
2018-05-01 17:10:00,120.03281315403936
2018-05-01 17:15:00,120.15936976768522
2018-05-01 17:20:00,120.2859263813311
2018-05-01 17:25:00,120.41248299497695
2018-05-01 17:30:00,120.53903960862286
2018-05-01 17:35:00,120.66559622226872
2018-05-01 17:40:00,120.79215283591459
2018-05-01 17:45:00,120.9187094495605
2018-05-01 17:50:00,121.04526606320637
2018-05-01 17:55:00,121.17182267685223
2018-05-01 18:00:00,121.29837929049812
2018-05-01 18:05:00,121.42493590414401
2018-05-01 18:10:00,121.55149251778988
2018-05-01 18:15:00,121.67804913143574
2018-05-01 18:20:00,121.80460574508163
2018-05-01 18:25:00,121.93116235872749
2018-05-01 18:30:00,122.05771897237337
2018-05-01 18:35:00,122.18427558601923
2018-05-01 18:40:00,122.31083219966513
2018-05-01 18:45:00,122.437388813311
2018-05-01 18:50:00,122.56394542695688
2018-05-01 18:55:00,122.69050204060277
2018-05-01 19:00:00,122.81705865424864
2018-05-01 19:05:00,122.94361526789451
2018-05-01 19:10:00,123.07017188154042
2018-05-01 19:15:00,123.19672849518628
2018-05-01 19:20:00,123.32328510883215
2018-05-01 19:25:00,123.44984172247804
2018-05-01 19:30:00,123.5763983361239
2018-05-01 19:35:00,123.70295494976979
2018-05-01 19:40:00,123.82951156341564
2018-05-01 19:45:00,123.95606817706152
2018-05-01 19:50:00,124.0826247907074
2018-05-01 19:55:00,124.20918140435327
2018-05-01 20:00:00,124.33573801799915
2018-05-01 20:05:00,124.46229463164505
2018-05-01 20:10:00,124.58885124529093
2018-05-01 20:15:00,124.7154078589368
2018-05-01 20:20:00,124.84196447258266
2018-05-01 20:25:00,124.96852108622856
2018-05-01 20:30:00,125.09507769987442
2018-05-01 20:35:00,125.2216343135203
2018-05-01 20:40:00,125.34819092716616
2018-05-01 20:45:00,125.47474754081206
2018-05-01 20:50:00,125.60130415445794
2018-05-01 20:55:00,125.7278607681038
2018-05-01 21:00:00,125.85441738174968
2018-05-01 21:05:00,125.98097399539556
2018-05-01 21:10:00,126.10753060904145
2018-05-01 21:15:00,126.23408722268732
2018-05-01 21:20:00,126.3606438363332
2018-05-01 21:25:00,126.48720044997907
2018-05-01 21:30:00,126.61375706362493
2018-05-01 21:35:00,126.74031367727082
2018-05-01 21:40:00,126.86687029091671
2018-05-01 21:45:00,126.99342690456257
2018-05-01 21:50:00,127.11998351820844
2018-05-01 21:55:00,127.2465401318543
2018-05-01 22:00:00,127.3730967455002
2018-05-01 22:05:00,127.49965335914608
2018-05-01 22:10:00,127.62620997279195
2018-05-01 22:15:00,127.75276658643783
2018-05-01 22:20:00,127.87932320008372
2018-05-01 22:25:00,128.0058798137296
2018-05-01 22:30:00,128.1324364273755
2018-05-01 22:35:00,128.25899304102134
2018-05-01 22:40:00,128.38554965466722
2018-05-01 22:45:00,128.51210626831312
2018-05-01 22:50:00,128.63866288195896
2018-05-01 22:55:00,128.76521949560487
2018-05-01 23:00:00,128.89177610925069
2018-05-01 23:05:00,129.01833272289664
2018-05-01 23:10:00,129.14488933654246
2018-05-01 23:15:00,129.27144595018834
2018-05-01 23:20:00,129.39800256383424
2018-05-01 23:25:00,129.52455917748009
2018-05-01 23:30:00,129.65111579112602
2018-05-01 23:35:00,129.77767240477186
2018-05-01 23:40:00,129.90422901841774
2018-05-01 23:45:00,130.0307856320636
2018-05-01 23:50:00,130.15734224570951
2018-05-01 23:55:00,130.28389885935536
2018-05-02 00:00:00,130.41045547300126
2018-05-02 00:05:00,130.53701208664708
2018-05-02 00:10:00,130.663568700293
2018-05-02 00:15:00,130.79012531393892
2018-05-02 00:20:00,130.91668192758476
2018-05-02 00:25:00,131.04323854123064
2018-05-02 00:30:00,131.1697951548765
2018-05-02 00:35:00,131.29635176852238
2018-05-02 00:40:00,131.4229083821683
2018-05-02 00:45:00,131.54946499581416
2018-05-02 00:50:00,131.67602160946
2018-05-02 00:55:00,131.8025782231059
2018-05-02 01:00:00,131.92913483675176
2018-05-02 01:05:00,132.05569145039766
2018-05-02 01:10:00,132.18224806404353
2018-05-02 01:15:00,132.3088046776894
2018-05-02 01:20:00,132.43536129133528
2018-05-02 01:25:00,132.56191790498116
2018-05-02 01:30:00,132.68847451862706
2018-05-02 01:35:00,132.8150311322729
2018-05-02 01:40:00,132.94158774591878
2018-05-02 01:45:00,133.06814435956466
2018-05-02 01:50:00,133.19470097321056
2018-05-02 01:55:00,133.3212575868564
2018-05-02 02:00:00,133.4478142005023
2018-05-02 02:05:00,133.57437081414818
2018-05-02 02:10:00,133.70092742779406
2018-05-02 02:15:00,133.8274840414399
2018-05-02 02:20:00,133.9540406550858
2018-05-02 02:25:00,134.08059726873168
2018-05-02 02:30:00,134.20715388237755
2018-05-02 02:35:00,134.33371049602346
2018-05-02 02:40:00,134.4602671096693
2018-05-02 02:45:00,134.5868237233152
2018-05-02 02:50:00,134.71338033696105
2018-05-02 02:55:00,134.83993695060695
2018-05-02 03:00:00,134.9664935642528
2018-05-02 03:05:00,135.0930501778987
2018-05-02 03:10:00,135.21960679154458
2018-05-02 03:15:00,135.34616340519042
2018-05-02 03:20:00,135.4727200188363
2018-05-02 03:25:00,135.5992766324822
2018-05-02 03:30:00,135.72583324612808
2018-05-02 03:35:00,135.85238985977395
2018-05-02 03:40:00,135.97894647341982
2018-05-02 03:45:00,136.1055030870657
2018-05-02 03:50:00,136.2320597007116
2018-05-02 03:55:00,136.35861631435742
2018-05-02 04:00:00,136.48517292800338
2018-05-02 04:05:00,136.61172954164923
2018-05-02 04:10:00,136.7382861552951
2018-05-02 04:15:00,136.86484276894095
2018-05-02 04:20:00,136.99139938258685
2018-05-02 04:25:00,137.11795599623272
2018-05-02 04:30:00,137.2445126098786
2018-05-02 04:35:00,137.3710692235245
2018-05-02 04:40:00,137.49762583717035
2018-05-02 04:45:00,137.62418245081622
2018-05-02 04:50:00,137.7507390644621
2018-05-02 04:55:00,137.877295678108
2018-05-02 05:00:00,138.00385229175387
2018-05-02 05:05:00,138.13040890539975
2018-05-02 05:10:00,138.25696551904562
2018-05-02 05:15:00,138.3835221326915
2018-05-02 05:20:00,138.51007874633737
2018-05-02 05:25:00,138.63663535998325
2018-05-02 05:30:00,138.76319197362915
2018-05-02 05:35:00,138.88974858727502
2018-05-02 05:40:00,139.0163052009209
2018-05-02 05:45:00,139.14286181456671
2018-05-02 05:50:00,139.26941842821265
2018-05-02 05:55:00,139.39597504185852
2018-05-02 06:00:00,139.5225316555044
2018-05-02 06:05:00,139.64908826915027
2018-05-02 06:10:00,139.77564488279614
2018-05-02 06:15:00,139.90220149644202
2018-05-02 06:20:00,140.02875811008792
2018-05-02 06:25:00,140.1553147237338
2018-05-02 06:30:00,140.28187133737964
2018-05-02 06:35:00,140.40842795102554
2018-05-02 06:40:00,140.5349845646714
2018-05-02 06:45:00,140.6615411783173
2018-05-02 06:50:00,140.7880977919631
2018-05-02 06:55:00,140.91465440560904
2018-05-02 07:00:00,141.04121101925492
2018-05-02 07:05:00,141.16776763290082
2018-05-02 07:10:00,141.2943242465467
2018-05-02 07:15:00,141.42088086019254
2018-05-02 07:20:00,141.54743747383844
2018-05-02 07:25:00,141.67399408748432
2018-05-02 07:30:00,141.8005507011302
2018-05-02 07:35:00,141.92710731477604
2018-05-02 07:40:00,142.05366392842194
2018-05-02 07:45:00,142.18022054206781
2018-05-02 07:50:00,142.3067771557137
2018-05-02 07:55:00,142.43333376935956
2018-05-02 08:00:00,142.55989038300544
2018-05-02 08:05:00,142.6864469966513
2018-05-02 08:10:00,142.8130036102972
2018-05-02 08:15:00,142.93956022394306
2018-05-02 08:20:00,143.06611683758894
2018-05-02 08:25:00,143.19267345123484
2018-05-02 08:30:00,143.31923006488068
2018-05-02 08:35:00,143.4457866785266
2018-05-02 08:40:00,143.57234329217243
2018-05-02 08:45:00,143.69889990581834
2018-05-02 08:50:00,143.82545651946418
2018-05-02 08:55:00,143.95201313311009
2018-05-02 09:00:00,144.07856974675596
2018-05-02 09:05:00,144.20512636040183
2018-05-02 09:10:00,144.33168297404768
2018-05-02 09:15:00,144.45823958769358
2018-05-02 09:20:00,144.5847962013395
2018-05-02 09:25:00,144.7113528149853
2018-05-02 09:30:00,144.83790942863124
2018-05-02 09:35:00,144.96446604227708
2018-05-02 09:40:00,145.09102265592296
2018-05-02 09:45:00,145.2175792695689
2018-05-02 09:50:00,145.34413588321473
2018-05-02 09:55:00,145.4706924968606
2018-05-02 10:00:00,145.59724911050648
2018-05-02 10:05:00,145.72380572415238
2018-05-02 10:10:00,145.85036233779826
2018-05-02 10:15:00,145.97691895144413
2018-05-02 10:20:00,146.10347556508998
2018-05-02 10:25:00,146.23003217873585
2018-05-02 10:30:00,146.35658879238173
2018-05-02 10:35:00,146.48314540602763
2018-05-02 10:40:00,146.6097020196735
2018-05-02 10:45:00,146.73625863331938
2018-05-02 10:50:00,146.86281524696525
2018-05-02 10:55:00,146.98937186061113
2018-05-02 11:00:00,147.115928474257
2018-05-02 11:05:00,147.24248508790288
2018-05-02 11:10:00,147.36904170154878
2018-05-02 11:15:00,147.49559831519463
2018-05-02 11:20:00,147.62215492884053
2018-05-02 11:25:00,147.74871154248638
2018-05-02 11:30:00,147.87526815613228
2018-05-02 11:35:00,148.00182476977812
2018-05-02 11:40:00,148.12838138342403
2018-05-02 11:45:00,148.2549379970699
2018-05-02 11:50:00,148.38149461071578
2018-05-02 11:55:00,148.50805122436162
2018-05-02 12:00:00,148.63460783800753
2018-05-02 12:05:00,148.7611644516534
2018-05-02 12:10:00,148.88772106529927
2018-05-02 12:15:00,149.01427767894518
2018-05-02 12:20:00,149.14083429259105
2018-05-02 12:25:00,149.26739090623693
2018-05-02 12:30:00,149.39394751988274
2018-05-02 12:35:00,149.5205041335287
2018-05-02 12:40:00,149.64706074717458
2018-05-02 12:45:00,149.7736173608204
2018-05-02 12:50:00,149.9001739744663
2018-05-02 12:55:00,150.02673058811217
2018-05-02 13:00:00,150.15328720175802
2018-05-02 13:05:00,150.2798438154039
2018-05-02 13:10:00,150.40640042904982
2018-05-02 13:15:00,150.5329570426957
2018-05-02 13:20:00,150.65951365634157
2018-05-02 13:25:00,150.78607026998742
2018-05-02 13:30:00,150.91262688363332
2018-05-02 13:35:00,151.0391834972792
2018-05-02 13:40:00,151.1657401109251
2018-05-02 13:45:00,151.29229672457097
2018-05-02 13:50:00,151.41885333821682
2018-05-02 13:55:00,151.54540995186267
2018-05-02 14:00:00,151.67196656550857
2018-05-02 14:05:00,151.79852317915447
2018-05-02 14:10:00,151.92507979280032
2018-05-02 14:15:00,152.05163640644622
2018-05-02 14:20:00,152.1781930200921
2018-05-02 14:25:00,152.30474963373797
2018-05-02 14:30:00,152.43130624738384
2018-05-02 14:35:00,152.55786286102972
2018-05-02 14:40:00,152.6844194746756
2018-05-02 14:45:00,152.81097608832147
2018-05-02 14:50:00,152.93753270196734
2018-05-02 14:55:00,153.06408931561322
2018-05-02 15:00:00,153.19064592925912
2018-05-02 15:05:00,153.31720254290497
2018-05-02 15:10:00,153.4437591565509
2018-05-02 15:15:00,153.57031577019671
2018-05-02 15:20:00,153.69687238384262
2018-05-02 15:25:00,153.82342899748846
2018-05-02 15:30:00,153.94998561113437
2018-05-02 15:35:00,154.07654222478024
2018-05-02 15:40:00,154.20309883842614
2018-05-02 15:45:00,154.329655452072
2018-05-02 15:50:00,154.45621206571786
2018-05-02 15:55:00,154.58276867936374
2018-05-02 16:00:00,154.70932529300958
2018-05-02 16:05:00,154.83588190665554
2018-05-02 16:10:00,154.9624385203014
2018-05-02 16:15:00,155.08899513394726
2018-05-02 16:20:00,155.2155517475931
2018-05-02 16:25:00,155.34210836123899
2018-05-02 16:30:00,155.46866497488492
2018-05-02 16:35:00,155.59522158853076
2018-05-02 16:40:00,155.72177820217664
2018-05-02 16:45:00,155.8483348158225
2018-05-02 16:50:00,155.9748914294684
2018-05-02 16:55:00,156.10144804311423
2018-05-02 17:00:00,156.22800465676013
2018-05-02 17:05:00,156.354561270406
2018-05-02 17:10:00,156.4811178840519
2018-05-02 17:15:00,156.60767449769781
2018-05-02 17:20:00,156.73423111134366
2018-05-02 17:25:00,156.86078772498954
2018-05-02 17:30:00,156.9873443386354
