2018-05-16 16:50:00,
2018-05-16 16:55:00,722.61
2018-05-16 17:00:00,722.53
2018-05-16 17:05:00,722.5241666666666
2018-05-16 17:10:00,722.5833333333335
2018-05-16 17:15:00,722.5792307692308
2018-05-16 17:20:00,722.53
2018-05-16 17:25:00,722.53
2018-05-16 17:30:00,722.53
2018-05-16 17:35:00,722.53
2018-05-16 17:40:00,722.53
2018-05-16 17:45:00,722.46
2018-05-16 17:50:00,722.495
2018-05-16 17:55:00,722.38
2018-05-16 18:00:00,722.31
2018-05-16 18:05:00,722.31
2018-05-16 18:10:00,722.31
2018-05-16 18:15:00,722.23
2018-05-16 18:20:00,722.1775
2018-05-16 18:25:00,722.23
2018-05-16 18:30:00,722.16
2018-05-16 18:35:00,722.08
2018-05-16 18:40:00,722.08
2018-05-16 18:45:00,722.08
2018-05-16 18:50:00,722.08
2018-05-16 18:55:00,721.9966666666667
2018-05-16 19:00:00,721.93
2018-05-16 19:05:00,721.93
2018-05-16 19:10:00,721.8833333333333
2018-05-16 19:15:00,721.86
2018-05-16 19:20:00,721.78
2018-05-16 19:25:00,721.71
2018-05-16 19:30:00,721.71
2018-05-16 19:35:00,721.63
2018-05-16 19:40:00,721.63
2018-05-16 19:45:00,721.5066666666668
2018-05-16 19:50:00,721.41
2018-05-16 19:55:00,721.33
2018-05-16 20:00:00,721.26
2018-05-16 20:05:00,721.1933333333333
2018-05-16 20:10:00,721.18
2018-05-16 20:15:00,721.18
2018-05-16 20:20:00,721.11
2018-05-16 20:25:00,720.9775
2018-05-16 20:30:00,720.96
2018-05-16 20:35:00,720.88
2018-05-16 20:40:00,720.81
2018-05-16 20:45:00,720.7833333333333
2018-05-16 20:50:00,720.7766666666665
2018-05-16 20:55:00,720.73
2018-05-16 21:00:00,720.58
2018-05-16 21:05:00,720.51
2018-05-16 21:10:00,720.51
2018-05-16 21:15:00,720.58
2018-05-16 21:20:00,720.51
2018-05-16 21:25:00,720.51
2018-05-16 21:30:00,720.36
2018-05-16 21:35:00,720.3199999999998
2018-05-16 21:40:00,720.28
2018-05-16 21:45:00,720.21
2018-05-16 21:50:00,720.13
2018-05-16 21:55:00,719.98
2018-05-16 22:00:00,719.98
2018-05-16 22:05:00,719.91
2018-05-16 22:10:00,719.98
2018-05-16 22:15:00,719.9163636363637
2018-05-16 22:20:00,719.83
2018-05-16 22:25:00,719.83
2018-05-16 22:30:00,719.8008333333332
2018-05-16 22:35:00,719.76
2018-05-16 22:40:00,719.76
2018-05-16 22:45:00,719.76
2018-05-16 22:50:00,719.83
2018-05-16 22:55:00,719.83
2018-05-16 23:00:00,719.83
2018-05-16 23:05:00,719.83
2018-05-16 23:10:00,719.83
2018-05-16 23:15:00,719.83
2018-05-16 23:20:00,719.7891666666667
2018-05-16 23:25:00,719.83
2018-05-16 23:30:00,719.8468891638447
2018-05-16 23:35:00,719.8674023183121
2018-05-16 23:40:00,719.8879154727794
2018-05-16 23:45:00,719.9084286272467
2018-05-16 23:50:00,719.928941781714
2018-05-16 23:55:00,719.9494549361814
2018-05-17 00:00:00,719.9699680906486
2018-05-17 00:05:00,719.9904812451158
2018-05-17 00:10:00,720.0109943995833
2018-05-17 00:15:00,720.0315075540506
2018-05-17 00:20:00,720.0520207085177
2018-05-17 00:25:00,720.0725338629852
2018-05-17 00:30:00,720.0930470174526
2018-05-17 00:35:00,720.1135601719197
2018-05-17 00:40:00,720.1340733263871
2018-05-17 00:45:00,720.1545864808544
2018-05-17 00:50:00,720.1750996353218
2018-05-17 00:55:00,720.1956127897889
2018-05-17 01:00:00,720.2161259442563
2018-05-17 01:05:00,720.2366390987238
2018-05-17 01:10:00,720.2571522531911
2018-05-17 01:15:00,720.2776654076582
2018-05-17 01:20:00,720.2981785621256
2018-05-17 01:25:00,720.3186917165929
2018-05-17 01:30:00,720.3392048710601
2018-05-17 01:35:00,720.3597180255275
2018-05-17 01:40:00,720.3802311799948
2018-05-17 01:45:00,720.4007443344623
2018-05-17 01:50:00,720.4212574889294
2018-05-17 01:55:00,720.4417706433968
2018-05-17 02:00:00,720.4622837978641
2018-05-17 02:05:00,720.4827969523312
2018-05-17 02:10:00,720.5033101067986
2018-05-17 02:15:00,720.523823261266
2018-05-17 02:20:00,720.5443364157331
2018-05-17 02:25:00,720.5648495702006
2018-05-17 02:30:00,720.5853627246678
2018-05-17 02:35:00,720.6058758791353
2018-05-17 02:40:00,720.6263890336024
2018-05-17 02:45:00,720.6469021880698
2018-05-17 02:50:00,720.6674153425371
2018-05-17 02:55:00,720.6879284970046
2018-05-17 03:00:00,720.7084416514717
2018-05-17 03:05:00,720.728954805939
2018-05-17 03:10:00,720.7494679604064
2018-05-17 03:15:00,720.7699811148736
2018-05-17 03:20:00,720.790494269341
2018-05-17 03:25:00,720.8110074238083
2018-05-17 03:30:00,720.8315205782756
2018-05-17 03:35:00,720.8520337327429
2018-05-17 03:40:00,720.8725468872102
2018-05-17 03:45:00,720.96
2018-05-17 03:50:00,720.96
2018-05-17 03:55:00,720.96
2018-05-17 04:00:00,720.88
2018-05-17 04:05:00,720.81
2018-05-17 04:10:00,720.96
2018-05-17 04:15:00,720.9790909090909
2018-05-17 04:20:00,721.0172727272728
2018-05-17 04:25:00,721.03
2018-05-17 04:30:00,721.03
2018-05-17 04:35:00,721.0172727272728
2018-05-17 04:40:00,720.96
2018-05-17 04:45:00,720.96
2018-05-17 04:50:00,720.96
2018-05-17 04:55:00,721.0366666666665
2018-05-17 05:00:00,721.11
2018-05-17 05:05:00,721.11
2018-05-17 05:10:00,721.18
2018-05-17 05:15:00,721.2854545454545
2018-05-17 05:20:00,721.26
2018-05-17 05:25:00,721.18
2018-05-17 05:30:00,721.11
2018-05-17 05:35:00,721.11
2018-05-17 05:40:00,721.1545454545454
2018-05-17 05:45:00,721.11
2018-05-17 05:50:00,721.18
2018-05-17 05:55:00,721.26
2018-05-17 06:00:00,721.18
2018-05-17 06:05:00,721.18
2018-05-17 06:10:00,721.2018181818181
2018-05-17 06:15:00,721.22
2018-05-17 06:20:00,721.18
2018-05-17 06:25:00,721.11
2018-05-17 06:30:00,721.26
2018-05-17 06:35:00,721.26
2018-05-17 06:40:00,721.2090909090907
2018-05-17 06:45:00,721.11
2018-05-17 06:50:00,721.11
2018-05-17 06:55:00,721.03
2018-05-17 07:00:00,721.0109090909091
2018-05-17 07:05:00,720.96
2018-05-17 07:10:00,721.03
2018-05-17 07:15:00,720.96
2018-05-17 07:20:00,720.96
2018-05-17 07:25:00,720.96
2018-05-17 07:30:00,720.9333333333334
2018-05-17 07:35:00,720.9527272727272
2018-05-17 07:40:00,720.96
2018-05-17 07:45:00,720.96
2018-05-17 07:50:00,720.96
2018-05-17 07:55:00,720.96
2018-05-17 08:00:00,720.88
2018-05-17 08:05:00,720.8481818181817
2018-05-17 08:10:00,720.88
2018-05-17 08:15:00,720.88
2018-05-17 08:20:00,720.8290909090907
2018-05-17 08:25:00,720.81
2018-05-17 08:30:00,720.73
2018-05-17 08:35:00,720.73
2018-05-17 08:40:00,720.7954545454545
2018-05-17 08:45:00,720.81
2018-05-17 08:50:00,720.73
2018-05-17 08:55:00,720.73
2018-05-17 09:00:00,720.73
2018-05-17 09:05:00,720.73
2018-05-17 09:10:00,720.6663636363637
2018-05-17 09:15:00,720.73
2018-05-17 09:20:00,720.73
2018-05-17 09:25:00,720.73
2018-05-17 09:30:00,720.6727272727272
2018-05-17 09:35:00,720.6790909090909
2018-05-17 09:40:00,720.66
2018-05-17 09:45:00,720.58
2018-05-17 09:50:00,720.6133333333332
2018-05-17 09:55:00,720.6309090909091
2018-05-17 10:00:00,720.66
2018-05-17 10:05:00,720.66
2018-05-17 10:10:00,720.66
2018-05-17 10:15:00,720.66
2018-05-17 10:20:00,720.6090909090909
2018-05-17 10:25:00,720.58
2018-05-17 10:30:00,720.58
2018-05-17 10:35:00,720.66
2018-05-17 10:40:00,720.66
2018-05-17 10:45:00,720.73
2018-05-17 10:50:00,720.7008333333333
2018-05-17 10:55:00,720.66
2018-05-17 11:00:00,720.66
2018-05-17 11:05:00,720.66
2018-05-17 11:10:00,720.73
2018-05-17 11:15:00,720.73
2018-05-17 11:20:00,720.66
2018-05-17 11:25:00,720.6790909090909
2018-05-17 11:30:00,720.66
2018-05-17 11:35:00,720.73
2018-05-17 11:40:00,720.73
2018-05-17 11:45:00,720.75
2018-05-17 11:50:00,720.7954545454545
2018-05-17 11:55:00,720.81
2018-05-17 12:00:00,720.88
2018-05-17 12:05:00,720.96
2018-05-17 12:10:00,721.03
2018-05-17 12:15:00,721.11
2018-05-17 12:20:00,721.1736363636363
2018-05-17 12:25:00,721.2533333333333
2018-05-17 12:30:00,721.1227272727272
2018-05-17 12:35:00,721.1545454545454
2018-05-17 12:40:00,721.1545454545454
2018-05-17 12:45:00,721.11
2018-05-17 12:50:00,721.18
2018-05-17 12:55:00,721.11
2018-05-17 13:00:00,721.11
2018-05-17 13:05:00,721.11
2018-05-17 13:10:00,721.18
2018-05-17 13:15:00,721.26
2018-05-17 13:20:00,721.2527272727272
2018-05-17 13:25:00,721.26
2018-05-17 13:30:00,721.33
2018-05-17 13:35:00,721.26
2018-05-17 13:40:00,721.26
2018-05-17 13:45:00,721.33
2018-05-17 13:50:00,721.33
2018-05-17 13:55:00,721.4508333333333
2018-05-17 14:00:00,721.48
2018-05-17 14:05:00,721.5018181818183
2018-05-17 14:10:00,721.56
2018-05-17 14:15:00,721.6109090909091
2018-05-17 14:20:00,721.63
2018-05-17 14:25:00,721.6833333333334
2018-05-17 14:30:00,721.71
2018-05-17 14:35:00,721.7741666666666
2018-05-17 14:40:00,721.78
2018-05-17 14:45:00,721.8466666666667
2018-05-17 14:50:00,721.78
2018-05-17 14:55:00,721.7945454545454
2018-05-17 15:00:00,721.86
2018-05-17 15:05:00,721.86
2018-05-17 15:10:00,721.86
2018-05-17 15:15:00,721.78
2018-05-17 15:20:00,721.78
2018-05-17 15:25:00,721.71
2018-05-17 15:30:00,721.7672727272728
2018-05-17 15:35:00,721.78
2018-05-17 15:40:00,721.6736363636363
2018-05-17 15:45:00,721.6236363636364
2018-05-17 15:50:00,721.56
2018-05-17 15:55:00,721.41
2018-05-17 16:00:00,721.48
2018-05-17 16:05:00,721.4315384615386
2018-05-17 16:10:00,721.48
2018-05-17 16:15:00,721.5066666666668
2018-05-17 16:20:00,721.48
2018-05-17 16:25:00,721.48
2018-05-17 16:30:00,721.48
2018-05-17 16:35:00,721.5018181818183
2018-05-17 16:40:00,721.48
2018-05-17 16:45:00,721.56
2018-05-17 16:50:00,721.56
2018-05-17 16:55:00,721.48
2018-05-17 17:00:00,721.5
2018-05-17 17:05:00,721.56
2018-05-17 17:10:00,721.48
2018-05-17 17:15:00,721.4566666666667
2018-05-17 17:20:00,721.3433333333335
2018-05-17 17:25:00,721.41
2018-05-17 17:30:00,721.41
2018-05-17 17:35:00,721.33
2018-05-17 17:40:00,721.26
2018-05-17 17:45:00,721.26
2018-05-17 17:50:00,721.3172727272728
2018-05-17 17:55:00,721.2833333333333
2018-05-17 18:00:00,721.26
2018-05-17 18:05:00,721.18
2018-05-17 18:10:00,721.1163636363636
2018-05-17 18:15:00,721.03
2018-05-17 18:20:00,720.9976923076922
2018-05-17 18:25:00,720.96
2018-05-17 18:30:00,720.9663636363637
2018-05-17 18:35:00,721.0125
2018-05-17 18:40:00,720.88
2018-05-17 18:45:00,720.81
2018-05-17 18:50:00,720.73
2018-05-17 18:55:00,720.66
2018-05-17 19:00:00,720.66
2018-05-17 19:05:00,720.64
2018-05-17 19:10:00,720.58
2018-05-17 19:15:00,720.58
2018-05-17 19:20:00,720.51
2018-05-17 19:25:00,720.43
2018-05-17 19:30:00,720.43
2018-05-17 19:35:00,720.3981818181818
2018-05-17 19:40:00,720.28
2018-05-17 19:45:00,720.36
2018-05-17 19:50:00,720.1736363636363
2018-05-17 19:55:00,720.1566666666665
2018-05-17 20:00:00,720.06
2018-05-17 20:05:00,720.06
2018-05-17 20:10:00,719.9227272727272
2018-05-17 20:15:00,719.83
2018-05-17 20:20:00,719.76
2018-05-17 20:25:00,719.68
2018-05-17 20:30:00,719.68
2018-05-17 20:35:00,719.5590909090909
2018-05-17 20:40:00,719.5236363636363
2018-05-17 20:45:00,719.53
2018-05-17 20:50:00,719.38
2018-05-17 20:55:00,719.38
2018-05-17 21:00:00,719.23
2018-05-17 21:05:00,719.16
2018-05-17 21:10:00,719.16
2018-05-17 21:15:00,719.08
2018-05-17 21:20:00,718.9663636363637
2018-05-17 21:25:00,718.93
2018-05-17 21:30:00,718.93
2018-05-17 21:35:00,718.93
2018-05-17 21:40:00,718.86
2018-05-17 21:45:00,718.8090909090909
2018-05-17 21:50:00,718.86
2018-05-17 21:55:00,718.7290909090909
2018-05-17 22:00:00,718.71
2018-05-17 22:05:00,718.71
2018-05-17 22:10:00,718.71
2018-05-17 22:15:00,718.63
2018-05-17 22:20:00,718.56
2018-05-17 22:25:00,718.48
2018-05-17 22:30:00,718.48
2018-05-17 22:35:00,718.48
2018-05-17 22:40:00,718.48
2018-05-17 22:45:00,718.41
2018-05-17 22:50:00,718.41
2018-05-17 22:55:00,718.33
2018-05-17 23:00:00,718.33
2018-05-17 23:05:00,718.33
2018-05-17 23:10:00,718.26
2018-05-17 23:15:00,718.26
2018-05-17 23:20:00,718.2381818181817
2018-05-17 23:25:00,718.18
2018-05-17 23:30:00,718.18
2018-05-17 23:35:00,718.18
2018-05-17 23:40:00,718.11
2018-05-17 23:45:00,718.11
2018-05-17 23:50:00,718.03
2018-05-17 23:55:00,718.03
2018-05-18 00:00:00,718.0518181818181
2018-05-18 00:05:00,718.0372727272728
2018-05-18 00:10:00,718.11
2018-05-18 00:15:00,718.11
2018-05-18 00:20:00,718.11
2018-05-18 00:25:00,718.11
2018-05-18 00:30:00,718.11
2018-05-18 00:35:00,718.1290909090909
2018-05-18 00:40:00,718.18
2018-05-18 00:45:00,718.18
2018-05-18 00:50:00,718.1984615384614
2018-05-18 00:55:00,718.26
2018-05-18 01:00:00,718.33
2018-05-18 01:05:00,718.41
2018-05-18 01:10:00,718.48
2018-05-18 01:15:00,718.56
2018-05-18 01:20:00,718.5090909090909
2018-05-18 01:25:00,718.56
2018-05-18 01:30:00,718.5606534817405
2018-05-18 01:35:00,718.5626956121791
2018-05-18 01:40:00,718.5647377426179
2018-05-18 01:45:00,718.5667798730568
2018-05-18 01:50:00,718.5688220034955
2018-05-18 01:55:00,718.5708641339344
2018-05-18 02:00:00,718.572906264373
2018-05-18 02:05:00,718.5749483948117
2018-05-18 02:10:00,718.5769905252505
2018-05-18 02:15:00,718.5790326556894
2018-05-18 02:20:00,718.5810747861283
2018-05-18 02:25:00,718.583116916567
2018-05-18 02:30:00,718.5851590470057
2018-05-18 02:35:00,718.5872011774445
2018-05-18 02:40:00,718.5892433078833
2018-05-18 02:45:00,718.5912854383222
2018-05-18 02:50:00,718.5933275687609
2018-05-18 02:55:00,718.5953696991996
2018-05-18 03:00:00,718.5974118296384
2018-05-18 03:05:00,718.5994539600772
2018-05-18 03:10:00,718.6014960905161
2018-05-18 03:15:00,718.6035382209548
2018-05-18 03:20:00,718.6055803513934
2018-05-18 03:25:00,718.6076224818323
2018-05-18 03:30:00,718.6096646122711
2018-05-18 03:35:00,718.6117067427098
2018-05-18 03:40:00,718.6137488731488
2018-05-18 03:45:00,718.6157910035873
2018-05-18 03:50:00,718.6178331340262
2018-05-18 03:55:00,718.619875264465
2018-05-18 04:00:00,718.6219173949037
2018-05-18 04:05:00,718.6239595253426
2018-05-18 04:10:00,718.6260016557814
2018-05-18 04:15:00,718.6280437862201
2018-05-18 04:20:00,718.6300859166589
2018-05-18 04:25:00,718.6321280470978
2018-05-18 04:30:00,718.6341701775365
2018-05-18 04:35:00,718.6362123079753
2018-05-18 04:40:00,718.638254438414
2018-05-18 04:45:00,718.6402965688527
2018-05-18 04:50:00,718.6423386992917
2018-05-18 04:55:00,718.6443808297304
2018-05-18 05:00:00,718.6464229601693
2018-05-18 05:05:00,718.6484650906079
2018-05-18 05:10:00,718.6505072210467
2018-05-18 05:15:00,718.6525493514854
2018-05-18 05:20:00,718.6545914819243
2018-05-18 05:25:00,718.6566336123632
2018-05-18 05:30:00,718.6586757428018
2018-05-18 05:35:00,718.6607178732406
2018-05-18 05:40:00,718.6627600036793
2018-05-18 05:45:00,718.6648021341182
2018-05-18 05:50:00,718.6668442645571
2018-05-18 05:55:00,718.6688863949958
2018-05-18 06:00:00,718.6709285254345
2018-05-18 06:05:00,718.6729706558734
2018-05-18 06:10:00,718.6750127863122
2018-05-18 06:15:00,718.677054916751
2018-05-18 06:20:00,718.6790970471898
2018-05-18 06:25:00,718.6811391776287
2018-05-18 06:30:00,718.6831813080673
2018-05-18 06:35:00,718.6852234385061
2018-05-18 06:40:00,718.6872655689449
2018-05-18 06:45:00,718.6893076993837
2018-05-18 06:50:00,718.6913498298226
2018-05-18 06:55:00,718.6933919602612
2018-05-18 07:00:00,718.6954340907
2018-05-18 07:05:00,718.6974762211388
2018-05-18 07:10:00,718.6995183515776
2018-05-18 07:15:00,718.7015604820165
2018-05-18 07:20:00,718.7036026124551
2018-05-18 07:25:00,718.7056447428938
2018-05-18 07:30:00,718.7076868733328
2018-05-18 07:35:00,718.7097290037715
2018-05-18 07:40:00,718.7117711342102
2018-05-18 07:45:00,718.713813264649
2018-05-18 07:50:00,718.7158553950877
2018-05-18 07:55:00,718.7178975255266
2018-05-18 08:00:00,718.7199396559654
2018-05-18 08:05:00,718.7219817864043
2018-05-18 08:10:00,718.724023916843
2018-05-18 08:15:00,718.7260660472818
2018-05-18 08:20:00,718.7281081777205
2018-05-18 08:25:00,718.7301503081592
2018-05-18 08:30:00,718.7321924385982
2018-05-18 08:35:00,718.7342345690369
2018-05-18 08:40:00,718.7362766994755
2018-05-18 08:45:00,718.7383188299144
2018-05-18 08:50:00,718.7403609603532
2018-05-18 08:55:00,718.742403090792
2018-05-18 09:00:00,718.7444452212308
2018-05-18 09:05:00,718.7464873516694
2018-05-18 09:10:00,718.7485294821083
2018-05-18 09:15:00,718.7505716125471
2018-05-18 09:20:00,718.7526137429859
2018-05-18 09:25:00,718.7546558734247
2018-05-18 09:30:00,718.7566980038633
2018-05-18 09:35:00,718.7587401343022
2018-05-18 09:40:00,718.760782264741
2018-05-18 09:45:00,718.7628243951798
2018-05-18 09:50:00,718.7648665256186
2018-05-18 09:55:00,718.7669086560575
2018-05-18 10:00:00,718.7689507864961
2018-05-18 10:05:00,718.7709929169348
2018-05-18 10:10:00,718.7730350473738
2018-05-18 10:15:00,718.7750771778125
2018-05-18 10:20:00,718.7771193082511
2018-05-18 10:25:00,718.77916143869
2018-05-18 10:30:00,718.7812035691287
2018-05-18 10:35:00,718.7832456995676
2018-05-18 10:40:00,718.7852878300064
2018-05-18 10:45:00,718.7873299604453
2018-05-18 10:50:00,718.789372090884
2018-05-18 10:55:00,718.7914142213228
2018-05-18 11:00:00,718.7934563517615
2018-05-18 11:05:00,718.7954984822003
2018-05-18 11:10:00,718.7975406126392
2018-05-18 11:15:00,718.7995827430777
2018-05-18 11:20:00,718.8016248735167
2018-05-18 11:25:00,718.8036670039554
2018-05-18 11:30:00,718.8057091343942
2018-05-18 11:35:00,718.8077512648331
2018-05-18 11:40:00,718.8097933952718
2018-05-18 11:45:00,718.8118355257104
2018-05-18 11:50:00,718.8138776561493
2018-05-18 11:55:00,718.8159197865881
2018-05-18 12:00:00,718.8179619170269
2018-05-18 12:05:00,718.8200040474658
2018-05-18 12:10:00,718.8220461779043
2018-05-18 12:15:00,718.8240883083432
2018-05-18 12:20:00,718.826130438782
2018-05-18 12:25:00,718.8281725692208
2018-05-18 12:30:00,718.8302146996596
2018-05-18 12:35:00,718.8322568300982
2018-05-18 12:40:00,718.8342989605371
2018-05-18 12:45:00,718.8363410909758
2018-05-18 12:50:00,718.8383832214148
2018-05-18 12:55:00,718.8404253518535
2018-05-18 13:00:00,718.8424674822921
2018-05-18 13:05:00,718.844509612731
2018-05-18 13:10:00,718.8465517431697
2018-05-18 13:15:00,718.8485938736086
2018-05-18 13:20:00,718.8506360040474
2018-05-18 13:25:00,718.8526781344863
2018-05-18 13:30:00,718.8547202649249
2018-05-18 13:35:00,718.8567623953637
2018-05-18 13:40:00,718.8588045258025
2018-05-18 13:45:00,718.8608466562413
2018-05-18 13:50:00,718.8628887866802
2018-05-18 13:55:00,718.8649309171187
2018-05-18 14:00:00,718.8669730475576
2018-05-18 14:05:00,718.8690151779964
2018-05-18 14:10:00,718.8710573084352
2018-05-18 14:15:00,718.8730994388741
2018-05-18 14:20:00,718.8751415693127
2018-05-18 14:25:00,718.8771836997514
2018-05-18 14:30:00,718.8792258301903
2018-05-18 14:35:00,718.8812679606293
2018-05-18 14:40:00,718.883310091068
2018-05-18 14:45:00,718.8853522215068
2018-05-18 14:50:00,718.8873943519455
2018-05-18 14:55:00,718.8894364823842
2018-05-18 15:00:00,718.8914786128232
2018-05-18 15:05:00,718.8935207432619
2018-05-18 15:10:00,718.8955628737007
2018-05-18 15:15:00,718.8976050041396
2018-05-18 15:20:00,718.8996471345782
2018-05-18 15:25:00,718.9016892650169
2018-05-18 15:30:00,718.9037313954558
2018-05-18 15:35:00,718.9057735258946
2018-05-18 15:40:00,718.9078156563334
2018-05-18 15:45:00,718.9098577867721
2018-05-18 15:50:00,718.9118999172108
2018-05-18 15:55:00,718.9139420476497
2018-05-18 16:00:00,718.9159841780885
2018-05-18 16:05:00,718.9180263085273
2018-05-18 16:10:00,718.920068438966
2018-05-18 16:15:00,718.9221105694047
2018-05-18 16:20:00,718.9241526998436
2018-05-18 16:25:00,718.9261948302824
2018-05-18 16:30:00,718.9282369607213
2018-05-18 16:35:00,718.93
2018-05-18 16:40:00,718.93
2018-05-18 16:45:00,718.86
2018-05-18 16:50:00,718.86
2018-05-18 16:55:00,718.78
2018-05-18 17:00:00,718.7298233215547
2018-05-18 17:05:00,718.6768197879859
2018-05-18 17:10:00,718.63
2018-05-18 17:15:00,718.6125
2018-05-18 17:20:00,718.56
2018-05-18 17:25:00,718.48
2018-05-18 17:30:00,718.48
2018-05-18 17:35:00,718.41
2018-05-18 17:40:00,718.41
2018-05-18 17:45:00,718.33
2018-05-18 17:50:00,718.33
2018-05-18 17:55:00,718.1872727272728
2018-05-18 18:00:00,718.18
2018-05-18 18:05:00,718.11
2018-05-18 18:10:00,718.11
2018-05-18 18:15:00,717.96
2018-05-18 18:20:00,717.9066666666665
2018-05-18 18:25:00,717.9133333333333
2018-05-18 18:30:00,717.88
2018-05-18 18:35:00,717.81
2018-05-18 18:40:00,717.81
2018-05-18 18:45:00,717.81
2018-05-18 18:50:00,717.73
2018-05-18 18:55:00,717.73
2018-05-18 19:00:00,717.58
2018-05-18 19:05:00,717.58
2018-05-18 19:10:00,717.51
2018-05-18 19:15:00,717.43
2018-05-18 19:20:00,717.3918181818183
2018-05-18 19:25:00,717.3199999999998
2018-05-18 19:30:00,717.2741666666666
2018-05-18 19:35:00,717.1736363636363
2018-05-18 19:40:00,717.13
2018-05-18 19:45:00,717.13
2018-05-18 19:50:00,717.2672727272728
2018-05-18 19:55:00,717.0854545454546
2018-05-18 20:00:00,717.0716666666666
2018-05-18 20:05:00,717.06
2018-05-18 20:10:00,716.98
2018-05-18 20:15:00,716.83
2018-05-18 20:20:00,716.83
2018-05-18 20:25:00,716.76
2018-05-18 20:30:00,716.76
2018-05-18 20:35:00,716.68
2018-05-18 20:40:00,716.68
2018-05-18 20:45:00,716.6418181818183
2018-05-18 20:50:00,716.68
2018-05-18 20:55:00,716.6290909090909
2018-05-18 21:00:00,716.6333333333333
2018-05-18 21:05:00,716.61
2018-05-18 21:10:00,716.53
2018-05-18 21:15:00,716.5066666666668
2018-05-18 21:20:00,716.38
2018-05-18 21:25:00,716.3508333333333
2018-05-18 21:30:00,716.38
2018-05-18 21:35:00,716.29
2018-05-18 21:40:00,716.23
2018-05-18 21:45:00,716.16
2018-05-18 21:50:00,716.16
2018-05-18 21:55:00,716.01
2018-05-18 22:00:00,716.08
2018-05-18 22:05:00,716.01
2018-05-18 22:10:00,716.01
2018-05-18 22:15:00,716.0027272727272
2018-05-18 22:20:00,715.86
2018-05-18 22:25:00,715.7216666666667
2018-05-18 22:30:00,715.71
2018-05-18 22:35:00,715.71
2018-05-18 22:40:00,715.71
2018-05-18 22:45:00,715.5775
2018-05-18 22:50:00,715.63
2018-05-18 22:55:00,715.71
2018-05-18 23:00:00,715.71
2018-05-18 23:05:00,715.71
2018-05-18 23:10:00,715.71
2018-05-18 23:15:00,715.6445454545454
2018-05-18 23:20:00,715.71
2018-05-18 23:25:00,715.71
2018-05-18 23:30:00,715.71
2018-05-18 23:35:00,715.71
2018-05-18 23:40:00,715.78
2018-05-18 23:45:00,715.7672727272728
2018-05-18 23:50:00,715.71
2018-05-18 23:55:00,715.71
2018-05-19 00:00:00,715.78
2018-05-19 00:05:00,715.71
2018-05-19 00:10:00,715.71
2018-05-19 00:15:00,715.78
2018-05-19 00:20:00,715.8309090909091
2018-05-19 00:25:00,715.71
2018-05-19 00:30:00,715.78
2018-05-19 00:35:00,715.7158333333334
2018-05-19 00:40:00,715.8333333333335
2018-05-19 00:45:00,715.8090909090909
2018-05-19 00:50:00,715.93
2018-05-19 00:55:00,716.01
2018-05-19 01:00:00,716.01
2018-05-19 01:05:00,715.8981818181818
2018-05-19 01:10:00,715.7945454545454
2018-05-19 01:15:00,715.86
2018-05-19 01:20:00,716.01
2018-05-19 01:25:00,716.08
2018-05-19 01:30:00,716.08
2018-05-19 01:35:00,716.08
2018-05-19 01:40:00,716.01
2018-05-19 01:45:00,716.1527272727272
2018-05-19 01:50:00,716.23
2018-05-19 01:55:00,716.23
2018-05-19 02:00:00,716.3736363636364
2018-05-19 02:05:00,716.38
2018-05-19 02:10:00,716.4133333333333
2018-05-19 02:15:00,716.46
2018-05-19 02:20:00,716.5172727272728
2018-05-19 02:25:00,716.5699999999998
2018-05-19 02:30:00,716.61
2018-05-19 02:35:00,716.68
2018-05-19 02:40:00,716.7891666666667
2018-05-19 02:45:00,716.91
2018-05-19 02:50:00,716.91
2018-05-19 02:55:00,716.9481818181819
2018-05-19 03:00:00,717.06
2018-05-19 03:05:00,717.06
2018-05-19 03:10:00,717.06
2018-05-19 03:15:00,717.0663636363637
2018-05-19 03:20:00,717.21
2018-05-19 03:25:00,717.2275
2018-05-19 03:30:00,717.28
2018-05-19 03:35:00,717.3891666666666
2018-05-19 03:40:00,717.43
2018-05-19 03:45:00,717.51
2018-05-19 03:50:00,717.58
2018-05-19 03:55:00,717.58
2018-05-19 04:00:00,717.58
2018-05-19 04:05:00,717.58
2018-05-19 04:10:00,717.6018181818182
2018-05-19 04:15:00,717.58
2018-05-19 04:20:00,717.58
2018-05-19 04:25:00,717.51
2018-05-19 04:30:00,717.58
2018-05-19 04:35:00,717.58
2018-05-19 04:40:00,717.58
2018-05-19 04:45:00,717.66
2018-05-19 04:50:00,717.58
2018-05-19 04:55:00,717.6163636363636
2018-05-19 05:00:00,717.66
2018-05-19 05:05:00,717.58
2018-05-19 05:10:00,717.58
2018-05-19 05:15:00,717.66
2018-05-19 05:20:00,717.58
2018-05-19 05:25:00,717.58
2018-05-19 05:30:00,717.58
2018-05-19 05:35:00,717.58
2018-05-19 05:40:00,717.58
2018-05-19 05:45:00,717.58
2018-05-19 05:50:00,717.51
2018-05-19 05:55:00,717.51
2018-05-19 06:00:00,717.58
2018-05-19 06:05:00,717.66
2018-05-19 06:10:00,717.66
2018-05-19 06:15:00,717.58
2018-05-19 06:20:00,717.6090909090909
2018-05-19 06:25:00,717.58
2018-05-19 06:30:00,717.51
2018-05-19 06:35:00,717.51
2018-05-19 06:40:00,717.51
2018-05-19 06:45:00,717.43
2018-05-19 06:50:00,717.43
2018-05-19 06:55:00,717.36
2018-05-19 07:00:00,717.36
2018-05-19 07:05:00,717.36
2018-05-19 07:10:00,717.21
2018-05-19 07:15:00,717.13
2018-05-19 07:20:00,717.13
2018-05-19 07:25:00,717.21
2018-05-19 07:30:00,717.13
2018-05-19 07:35:00,717.15
2018-05-19 07:40:00,717.06
2018-05-19 07:45:00,717.06
2018-05-19 07:50:00,717.06
2018-05-19 07:55:00,717.13
2018-05-19 08:00:00,717.13
2018-05-19 08:05:00,717.21
2018-05-19 08:10:00,717.28
2018-05-19 08:15:00,717.43
2018-05-19 08:20:00,717.43
2018-05-19 08:25:00,717.13
2018-05-19 08:30:00,716.98
2018-05-19 08:35:00,717.43
2018-05-19 08:40:00,717.51
2018-05-19 08:45:00,717.06
2018-05-19 08:50:00,717.3918181818183
2018-05-19 08:55:00,717.28
2018-05-19 09:00:00,717.13
2018-05-19 09:05:00,717.36
2018-05-19 09:10:00,717.3727272727272
2018-05-19 09:15:00,717.43
2018-05-19 09:20:00,717.51
2018-05-19 09:25:00,717.43
2018-05-19 09:30:00,717.43
2018-05-19 09:35:00,717.43
2018-05-19 09:40:00,717.43
2018-05-19 09:45:00,717.43
2018-05-19 09:50:00,717.36
2018-05-19 09:55:00,717.43
2018-05-19 10:00:00,717.4236363636363
2018-05-19 10:05:00,717.3658333333333
2018-05-19 10:10:00,717.4499999999998
2018-05-19 10:15:00,717.3981818181818
2018-05-19 10:20:00,717.4109090909092
2018-05-19 10:25:00,717.4372727272728
2018-05-19 10:30:00,717.5027272727272
2018-05-19 10:35:00,717.43
2018-05-19 10:40:00,717.51
2018-05-19 10:45:00,717.51
2018-05-19 10:50:00,717.51
2018-05-19 10:55:00,717.58
2018-05-19 11:00:00,717.66
2018-05-19 11:05:00,717.5945454545455
2018-05-19 11:10:00,717.6381818181818
2018-05-19 11:15:00,717.66
2018-05-19 11:20:00,717.66
2018-05-19 11:25:00,717.66
2018-05-19 11:30:00,717.7172727272728
2018-05-19 11:35:00,717.7566666666668
2018-05-19 11:40:00,717.73
2018-05-19 11:45:00,717.7372727272729
2018-05-19 11:50:00,717.81
2018-05-19 11:55:00,717.81
2018-05-19 12:00:00,717.88
2018-05-19 12:05:00,717.96
2018-05-19 12:10:00,718.0236363636363
2018-05-19 12:15:00,717.96
2018-05-19 12:20:00,718.03
2018-05-19 12:25:00,718.0699999999998
2018-05-19 12:30:00,718.0590909090909
2018-05-19 12:35:00,718.11
2018-05-19 12:40:00,718.11
2018-05-19 12:45:00,718.1158333333333
2018-05-19 12:50:00,718.2090909090907
2018-05-19 12:55:00,718.2018181818181
2018-05-19 13:00:00,718.33
2018-05-19 13:05:00,718.33
2018-05-19 13:10:00,718.41
2018-05-19 13:15:00,718.4275
2018-05-19 13:20:00,718.5309090909091
2018-05-19 13:25:00,718.56
2018-05-19 13:30:00,718.63
2018-05-19 13:35:00,718.6833333333334
2018-05-19 13:40:00,718.71
2018-05-19 13:45:00,718.78
2018-05-19 13:50:00,718.78
2018-05-19 13:55:00,718.93
2018-05-19 14:00:00,718.93
2018-05-19 14:05:00,718.93
2018-05-19 14:10:00,718.93
2018-05-19 14:15:00,718.9954545454545
2018-05-19 14:20:00,719.0354545454545
2018-05-19 14:25:00,719.08
2018-05-19 14:30:00,719.08
2018-05-19 14:35:00,719.08
2018-05-19 14:40:00,719.16
2018-05-19 14:45:00,719.08
2018-05-19 14:50:00,719.2045454545455
2018-05-19 14:55:00,719.16
2018-05-19 15:00:00,719.16
2018-05-19 15:05:00,719.2881818181818
2018-05-19 15:10:00,719.23
2018-05-19 15:15:00,719.31
2018-05-19 15:20:00,719.31
2018-05-19 15:25:00,719.23
2018-05-19 15:30:00,719.2736363636363
2018-05-19 15:35:00,719.31
2018-05-19 15:40:00,719.31
2018-05-19 15:45:00,719.31
2018-05-19 15:50:00,719.38
2018-05-19 15:55:00,719.31
2018-05-19 16:00:00,719.38
2018-05-19 16:05:00,719.3354545454546
2018-05-19 16:10:00,719.46
2018-05-19 16:15:00,719.38
2018-05-19 16:20:00,719.38
2018-05-19 16:25:00,719.38
2018-05-19 16:30:00,719.3945454545454
2018-05-19 16:35:00,719.53
2018-05-19 16:40:00,719.46
2018-05-19 16:45:00,719.46
2018-05-19 16:50:00,719.4163636363637
2018-05-19 16:55:00,719.46
2018-05-19 17:00:00,719.46
2018-05-19 17:05:00,719.4333333333334
2018-05-19 17:10:00,719.38
2018-05-19 17:15:00,719.38
2018-05-19 17:20:00,719.38
2018-05-19 17:25:00,719.31
2018-05-19 17:30:00,719.3163636363637
2018-05-19 17:35:00,719.38
2018-05-19 17:40:00,719.23
2018-05-19 17:45:00,719.23
2018-05-19 17:50:00,719.1891666666667
2018-05-19 17:55:00,719.16
2018-05-19 18:00:00,719.08
2018-05-19 18:05:00,719.08
2018-05-19 18:10:00,719.08
2018-05-19 18:15:00,719.01
2018-05-19 18:20:00,718.9499999999998
2018-05-19 18:25:00,718.93
2018-05-19 18:30:00,718.86
2018-05-19 18:35:00,718.86
2018-05-19 18:40:00,718.86
2018-05-19 18:45:00,718.78
2018-05-19 18:50:00,718.78
2018-05-19 18:55:00,718.7227272727272
2018-05-19 19:00:00,718.63
2018-05-19 19:05:00,718.6109090909091
2018-05-19 19:10:00,718.48
2018-05-19 19:15:00,718.63
2018-05-19 19:20:00,718.48
2018-05-19 19:25:00,718.48
2018-05-19 19:30:00,718.48
2018-05-19 19:35:00,718.41
2018-05-19 19:40:00,718.33
2018-05-19 19:45:00,718.33
2018-05-19 19:50:00,718.26
2018-05-19 19:55:00,718.26
2018-05-19 20:00:00,718.2090909090907
2018-05-19 20:05:00,718.18
2018-05-19 20:10:00,718.11
2018-05-19 20:15:00,718.11
2018-05-19 20:20:00,718.03
2018-05-19 20:25:00,718.03
2018-05-19 20:30:00,717.9533333333335
2018-05-19 20:35:00,718.03
2018-05-19 20:40:00,718.0172727272728
2018-05-19 20:45:00,717.96
2018-05-19 20:50:00,717.96
2018-05-19 20:55:00,717.88
2018-05-19 21:00:00,717.81
2018-05-19 21:05:00,717.8290909090907
2018-05-19 21:10:00,717.81
2018-05-19 21:15:00,717.73
2018-05-19 21:20:00,717.66
2018-05-19 21:25:00,717.58
2018-05-19 21:30:00,717.51
2018-05-19 21:35:00,717.51
2018-05-19 21:40:00,717.51
2018-05-19 21:45:00,717.36
2018-05-19 21:50:00,717.51
2018-05-19 21:55:00,717.51
2018-05-19 22:00:00,717.4124999999998
2018-05-19 22:05:00,717.36
2018-05-19 22:10:00,717.3163636363637
2018-05-19 22:15:00,717.28
2018-05-19 22:20:00,717.3090909090909
2018-05-19 22:25:00,717.36
2018-05-19 22:30:00,717.36
2018-05-19 22:35:00,717.36
2018-05-19 22:40:00,717.36
2018-05-19 22:45:00,717.21
2018-05-19 22:50:00,717.21
2018-05-19 22:55:00,717.21
2018-05-19 23:00:00,717.28
2018-05-19 23:05:00,717.36
2018-05-19 23:10:00,717.36
2018-05-19 23:15:00,717.2945454545454
2018-05-19 23:20:00,717.28
2018-05-19 23:25:00,717.13
2018-05-19 23:30:00,717.13
2018-05-19 23:35:00,717.13
2018-05-19 23:40:00,717.21
2018-05-19 23:45:00,717.13
2018-05-19 23:50:00,717.13
2018-05-19 23:55:00,717.1183333333332
2018-05-20 00:00:00,717.1966666666667
2018-05-20 00:05:00,717.13
2018-05-20 00:10:00,716.9945454545455
2018-05-20 00:15:00,716.98
2018-05-20 00:20:00,716.98
2018-05-20 00:25:00,716.98
2018-05-20 00:30:00,717.06
2018-05-20 00:35:00,717.13
2018-05-20 00:40:00,717.06
2018-05-20 00:45:00,717.1045454545455
2018-05-20 00:50:00,717.13
2018-05-20 00:55:00,717.13
2018-05-20 01:00:00,717.1881818181819
2018-05-20 01:05:00,717.21
2018-05-20 01:10:00,717.21
2018-05-20 01:15:00,717.1590909090909
2018-05-20 01:20:00,717.21
2018-05-20 01:25:00,717.28
2018-05-20 01:30:00,717.36
2018-05-20 01:35:00,717.395
2018-05-20 01:40:00,717.43
2018-05-20 01:45:00,717.36
2018-05-20 01:50:00,717.3833333333333
2018-05-20 01:55:00,717.43
2018-05-20 02:00:00,717.51
2018-05-20 02:05:00,717.66
2018-05-20 02:10:00,717.73
2018-05-20 02:15:00,717.73
2018-05-20 02:20:00,717.8609090909091
2018-05-20 02:25:00,717.96
2018-05-20 02:30:00,718.0183333333333
2018-05-20 02:35:00,718.0172727272728
2018-05-20 02:40:00,718.03
2018-05-20 02:45:00,718.03
2018-05-20 02:50:00,718.1945454545454
2018-05-20 02:55:00,718.18
2018-05-20 03:00:00,718.26
2018-05-20 03:05:00,718.26
2018-05-20 03:10:00,718.48
2018-05-20 03:15:00,718.48
2018-05-20 03:20:00,718.4872727272729
2018-05-20 03:25:00,718.56
2018-05-20 03:30:00,718.63
2018-05-20 03:35:00,718.71
2018-05-20 03:40:00,718.6966666666667
2018-05-20 03:45:00,718.63
2018-05-20 03:50:00,718.78
2018-05-20 03:55:00,718.8199999999998
2018-05-20 04:00:00,718.9954545454545
2018-05-20 04:05:00,719.01
2018-05-20 04:10:00,719.08
2018-05-20 04:15:00,719.16
2018-05-20 04:20:00,719.16
2018-05-20 04:25:00,719.1790909090909
2018-05-20 04:30:00,719.23
2018-05-20 04:35:00,719.27
2018-05-20 04:40:00,719.38
2018-05-20 04:45:00,719.38
2018-05-20 04:50:00,719.31
2018-05-20 04:55:00,719.38
2018-05-20 05:00:00,719.3566666666667
2018-05-20 05:05:00,719.31
2018-05-20 05:10:00,719.31
2018-05-20 05:15:00,719.3566666666667
2018-05-20 05:20:00,719.31
2018-05-20 05:25:00,719.31
2018-05-20 05:30:00,719.38
2018-05-20 05:35:00,719.38
2018-05-20 05:40:00,719.3566666666667
2018-05-20 05:45:00,719.31
2018-05-20 05:50:00,719.38
2018-05-20 05:55:00,719.38
2018-05-20 06:00:00,719.3418181818181
2018-05-20 06:05:00,719.3741666666666
2018-05-20 06:10:00,719.3625
2018-05-20 06:15:00,719.3354545454546
2018-05-20 06:20:00,719.3736363636364
2018-05-20 06:25:00,719.31
2018-05-20 06:30:00,719.3227272727272
2018-05-20 06:35:00,719.31
2018-05-20 06:40:00,719.31
2018-05-20 06:45:00,719.23
2018-05-20 06:50:00,719.1981818181819
2018-05-20 06:55:00,719.1727272727272
2018-05-20 07:00:00,719.16
2018-05-20 07:05:00,719.2125
2018-05-20 07:10:00,719.23
2018-05-20 07:15:00,719.1891666666667
2018-05-20 07:20:00,719.23
2018-05-20 07:25:00,719.1454545454545
2018-05-20 07:30:00,719.1163636363636
2018-05-20 07:35:00,719.16
2018-05-20 07:40:00,719.1833333333333
2018-05-20 07:45:00,719.23
2018-05-20 07:50:00,719.16
2018-05-20 07:55:00,719.1981818181819
2018-05-20 08:00:00,719.16
2018-05-20 08:05:00,719.2045454545455
2018-05-20 08:10:00,719.23
2018-05-20 08:15:00,719.23
2018-05-20 08:20:00,719.23
2018-05-20 08:25:00,719.16
2018-05-20 08:30:00,719.2172727272728
2018-05-20 08:35:00,719.16
2018-05-20 08:40:00,719.1466666666665
2018-05-20 08:45:00,719.16
2018-05-20 08:50:00,719.16
2018-05-20 08:55:00,719.1854545454546
2018-05-20 09:00:00,719.23
2018-05-20 09:05:00,719.23
2018-05-20 09:10:00,719.31
2018-05-20 09:15:00,719.3609090909091
2018-05-20 09:20:00,719.38
2018-05-20 09:25:00,719.38
2018-05-20 09:30:00,719.38
2018-05-20 09:35:00,719.38
2018-05-20 09:40:00,719.46
2018-05-20 09:45:00,719.46
2018-05-20 09:50:00,719.53
2018-05-20 09:55:00,719.53
2018-05-20 10:00:00,719.61
2018-05-20 10:05:00,719.68
2018-05-20 10:10:00,719.7236363636363
2018-05-20 10:15:00,719.83
2018-05-20 10:20:00,719.8954545454545
2018-05-20 10:25:00,719.83
2018-05-20 10:30:00,719.83
2018-05-20 10:35:00,719.91
2018-05-20 10:40:00,719.98
2018-05-20 10:45:00,719.98
2018-05-20 10:50:00,719.98
2018-05-20 10:55:00,720.0309090909091
2018-05-20 11:00:00,720.06
2018-05-20 11:05:00,720.06
2018-05-20 11:10:00,720.0981818181817
2018-05-20 11:15:00,720.13
2018-05-20 11:20:00,720.13
2018-05-20 11:25:00,720.13
2018-05-20 11:30:00,720.13
2018-05-20 11:35:00,720.1881818181819
2018-05-20 11:40:00,720.1663636363637
2018-05-20 11:45:00,720.21
2018-05-20 11:50:00,720.28
2018-05-20 11:55:00,720.28
2018-05-20 12:00:00,720.3199999999998
2018-05-20 12:05:00,720.36
2018-05-20 12:10:00,720.43
2018-05-20 12:15:00,720.43
2018-05-20 12:20:00,720.51
2018-05-20 12:25:00,720.58
2018-05-20 12:30:00,720.51
2018-05-20 12:35:00,720.58
2018-05-20 12:40:00,720.66
2018-05-20 12:45:00,720.81
2018-05-20 12:50:00,720.81
2018-05-20 12:55:00,720.8741666666666
2018-05-20 13:00:00,720.88
2018-05-20 13:05:00,720.96
2018-05-20 13:10:00,721.0008333333333
2018-05-20 13:15:00,721.0366666666665
2018-05-20 13:20:00,721.03
2018-05-20 13:25:00,721.11
2018-05-20 13:30:00,721.1163636363636
2018-05-20 13:35:00,721.2163636363637
2018-05-20 13:40:00,721.2790909090909
2018-05-20 13:45:00,721.33
2018-05-20 13:50:00,721.41
2018-05-20 13:55:00,721.48
2018-05-20 14:00:00,721.56
2018-05-20 14:05:00,721.56
2018-05-20 14:10:00,721.63
2018-05-20 14:15:00,721.71
2018-05-20 14:20:00,721.71
2018-05-20 14:25:00,721.78
2018-05-20 14:30:00,721.78
2018-05-20 14:35:00,721.78
2018-05-20 14:40:00,721.8163636363637
2018-05-20 14:45:00,721.86
2018-05-20 14:50:00,721.86
2018-05-20 14:55:00,721.86
2018-05-20 15:00:00,721.8918181818183
2018-05-20 15:05:00,721.93
2018-05-20 15:10:00,721.93
2018-05-20 15:15:00,721.93
2018-05-20 15:20:00,721.93
2018-05-20 15:25:00,722.01
2018-05-20 15:30:00,722.01
2018-05-20 15:35:00,722.01
2018-05-20 15:40:00,722.01
2018-05-20 15:45:00,722.01
2018-05-20 15:50:00,721.93
2018-05-20 15:55:00,721.9433333333333
2018-05-20 16:00:00,721.9736363636363
2018-05-20 16:05:00,722.01
2018-05-20 16:10:00,722.01
2018-05-20 16:15:00,722.01
2018-05-20 16:20:00,722.01
2018-05-20 16:25:00,722.01
2018-05-20 16:30:00,721.9590909090907
2018-05-20 16:35:00,721.93
2018-05-20 16:40:00,721.9966666666667
2018-05-20 16:45:00,721.93
2018-05-20 16:50:00,721.93
2018-05-20 16:55:00,721.93
2018-05-20 17:00:00,721.9008333333335
2018-05-20 17:05:00,721.8790909090909
2018-05-20 17:10:00,721.93
2018-05-20 17:15:00,721.93
2018-05-20 17:20:00,721.93
2018-05-20 17:25:00,721.8663636363636
2018-05-20 17:30:00,721.86
2018-05-20 17:35:00,721.86
2018-05-20 17:40:00,721.86
2018-05-20 17:45:00,721.86
2018-05-20 17:50:00,721.8236363636363
2018-05-20 17:55:00,721.78
2018-05-20 18:00:00,721.78
2018-05-20 18:05:00,721.7275
2018-05-20 18:10:00,721.71
2018-05-20 18:15:00,721.6809090909093
2018-05-20 18:20:00,721.5663636363637
2018-05-20 18:25:00,721.54
2018-05-20 18:30:00,721.4290909090909
2018-05-20 18:35:00,721.48
2018-05-20 18:40:00,721.41
2018-05-20 18:45:00,721.33
2018-05-20 18:50:00,721.33
2018-05-20 18:55:00,721.2663636363636
2018-05-20 19:00:00,721.2309090909091
2018-05-20 19:05:00,721.18
2018-05-20 19:10:00,721.1566666666665
2018-05-20 19:15:00,721.11
2018-05-20 19:20:00,721.03
2018-05-20 19:25:00,721.03
2018-05-20 19:30:00,720.96
2018-05-20 19:35:00,720.96
2018-05-20 19:40:00,720.96
2018-05-20 19:45:00,720.88
2018-05-20 19:50:00,720.8609090909091
2018-05-20 19:55:00,720.81
2018-05-20 20:00:00,720.7766666666665
2018-05-20 20:05:00,720.6790909090909
2018-05-20 20:10:00,720.73
2018-05-20 20:15:00,720.66
2018-05-20 20:20:00,720.58
2018-05-20 20:25:00,720.51
2018-05-20 20:30:00,720.51
2018-05-20 20:35:00,720.43
2018-05-20 20:40:00,720.36
2018-05-20 20:45:00,720.36
2018-05-20 20:50:00,720.3918181818183
2018-05-20 20:55:00,720.3533333333335
2018-05-20 21:00:00,720.28
2018-05-20 21:05:00,720.1736363636363
2018-05-20 21:10:00,720.0727272727272
2018-05-20 21:15:00,719.91
2018-05-20 21:20:00,719.91
2018-05-20 21:25:00,719.8954545454545
2018-05-20 21:30:00,719.83
2018-05-20 21:35:00,719.76
2018-05-20 21:40:00,719.76
2018-05-20 21:45:00,719.7018181818181
2018-05-20 21:50:00,719.68
2018-05-20 21:55:00,719.7381818181817
2018-05-20 22:00:00,719.68
2018-05-20 22:05:00,719.68
2018-05-20 22:10:00,719.68
2018-05-20 22:15:00,719.6872727272728
2018-05-20 22:20:00,719.68
2018-05-20 22:25:00,719.6418181818183
2018-05-20 22:30:00,719.76
2018-05-20 22:35:00,719.68
2018-05-20 22:40:00,719.68
2018-05-20 22:45:00,719.68
2018-05-20 22:50:00,719.68
2018-05-20 22:55:00,719.68
2018-05-20 23:00:00,719.61
2018-05-20 23:05:00,719.53
2018-05-20 23:10:00,719.61
2018-05-20 23:15:00,719.6508333333335
2018-05-20 23:20:00,719.61
2018-05-20 23:25:00,719.6163636363636
2018-05-20 23:30:00,719.6418181818183
2018-05-20 23:35:00,719.61
2018-05-20 23:40:00,719.6736363636363
2018-05-20 23:45:00,719.5518181818181
2018-05-20 23:50:00,719.53
2018-05-20 23:55:00,719.46
2018-05-21 00:00:00,719.4466666666667
2018-05-21 00:05:00,719.46
2018-05-21 00:10:00,719.53
2018-05-21 00:15:00,719.68
2018-05-21 00:20:00,719.83
2018-05-21 00:25:00,719.8445454545455
2018-05-21 00:30:00,719.91
2018-05-21 00:35:00,719.83
2018-05-21 00:40:00,719.83
2018-05-21 00:45:00,719.91
2018-05-21 00:50:00,719.9391666666667
2018-05-21 00:55:00,719.91
2018-05-21 01:00:00,719.8372727272728
2018-05-21 01:05:00,719.98
2018-05-21 01:10:00,719.98
2018-05-21 01:15:00,720.06
2018-05-21 01:20:00,720.06
2018-05-21 01:25:00,720.0790909090907
2018-05-21 01:30:00,720.13
2018-05-21 01:35:00,720.1066666666667
2018-05-21 01:40:00,720.3309090909091
2018-05-21 01:45:00,720.3658333333333
2018-05-21 01:50:00,720.51
2018-05-21 01:55:00,720.58
2018-05-21 02:00:00,720.58
2018-05-21 02:05:00,720.81
2018-05-21 02:10:00,720.5391666666667
2018-05-21 02:15:00,720.28
2018-05-21 02:20:00,720.58
2018-05-21 02:25:00,720.81
2018-05-21 02:30:00,720.7372727272729
2018-05-21 02:35:00,720.73
2018-05-21 02:40:00,720.73
2018-05-21 02:45:00,720.58
2018-05-21 02:50:00,720.1372727272728
2018-05-21 02:55:00,719.98
2018-05-21 03:00:00,719.76
2018-05-21 03:05:00,719.83
2018-05-21 03:10:00,719.9158333333335
2018-05-21 03:15:00,720.6381818181818
2018-05-21 03:20:00,720.88
2018-05-21 03:25:00,721.48
2018-05-21 03:30:00,721.5163636363636
2018-05-21 03:35:00,721.63
2018-05-21 03:40:00,721.6736363636363
2018-05-21 03:45:00,721.86
2018-05-21 03:50:00,721.71
2018-05-21 03:55:00,721.71
2018-05-21 04:00:00,722.0566666666667
2018-05-21 04:05:00,722.01
2018-05-21 04:10:00,721.93
2018-05-21 04:15:00,722.2433333333332
2018-05-21 04:20:00,722.53
2018-05-21 04:25:00,722.76
2018-05-21 04:30:00,722.61
2018-05-21 04:35:00,722.53
2018-05-21 04:40:00,722.55
2018-05-21 04:45:00,722.53
2018-05-21 04:50:00,722.6545454545454
2018-05-21 04:55:00,722.76
2018-05-21 05:00:00,723.06
2018-05-21 05:05:00,723.28
2018-05-21 05:10:00,723.13
2018-05-21 05:15:00,722.83
2018-05-21 05:20:00,722.61
2018-05-21 05:25:00,722.68
2018-05-21 05:30:00,722.7854545454545
2018-05-21 05:35:00,722.83
2018-05-21 05:40:00,722.98
2018-05-21 05:45:00,722.68
2018-05-21 05:50:00,722.68
2018-05-21 05:55:00,722.76
2018-05-21 06:00:00,722.76
2018-05-21 06:05:00,722.61
2018-05-21 06:10:00,722.98
2018-05-21 06:15:00,722.98
2018-05-21 06:20:00,722.83
2018-05-21 06:25:00,722.76
2018-05-21 06:30:00,722.76
2018-05-21 06:35:00,722.76
2018-05-21 06:40:00,722.61
2018-05-21 06:45:00,722.31
2018-05-21 06:50:00,722.16
2018-05-21 06:55:00,722.16
2018-05-21 07:00:00,722.2045454545455
2018-05-21 07:05:00,722.23
2018-05-21 07:10:00,722.23
2018-05-21 07:15:00,722.53
2018-05-21 07:20:00,722.91
2018-05-21 07:25:00,722.87
2018-05-21 07:30:00,722.76
2018-05-21 07:35:00,722.83
2018-05-21 07:40:00,722.68
2018-05-21 07:45:00,722.588181818182
2018-05-21 07:50:00,722.61
2018-05-21 07:55:00,722.61
2018-05-21 08:00:00,722.68
2018-05-21 08:05:00,722.76
2018-05-21 08:10:00,722.61
2018-05-21 08:15:00,722.7854545454545
2018-05-21 08:20:00,722.91
2018-05-21 08:25:00,722.91
2018-05-21 08:30:00,722.68
2018-05-21 08:35:00,722.53
2018-05-21 08:40:00,722.61
2018-05-21 08:45:00,722.8809090909091
2018-05-21 08:50:00,722.98
2018-05-21 08:55:00,723.1663636363637
2018-05-21 09:00:00,723.13
2018-05-21 09:05:00,723.13
2018-05-21 09:10:00,722.98
2018-05-21 09:15:00,722.91
2018-05-21 09:20:00,722.91
2018-05-21 09:25:00,723.0090909090909
2018-05-21 09:30:00,722.91
2018-05-21 09:35:00,722.83
2018-05-21 09:40:00,722.83
2018-05-21 09:45:00,722.76
2018-05-21 09:50:00,722.6290909090909
2018-05-21 09:55:00,722.76
2018-05-21 10:00:00,722.6609090909092
2018-05-21 10:05:00,722.76
2018-05-21 10:10:00,722.83
2018-05-21 10:15:00,722.91
2018-05-21 10:20:00,722.83
2018-05-21 10:25:00,722.76
2018-05-21 10:30:00,722.7466666666667
2018-05-21 10:35:00,722.74
2018-05-21 10:40:00,722.68
2018-05-21 10:45:00,722.68
2018-05-21 10:50:00,722.6227272727272
2018-05-21 10:55:00,722.53
2018-05-21 11:00:00,722.3227272727272
2018-05-21 11:05:00,722.46
2018-05-21 11:10:00,722.46
2018-05-21 11:15:00,722.46
2018-05-21 11:20:00,722.38
2018-05-21 11:25:00,722.46
2018-05-21 11:30:00,722.38
2018-05-21 11:35:00,722.23
2018-05-21 11:40:00,722.08
2018-05-21 11:45:00,722.01
2018-05-21 11:50:00,722.08
2018-05-21 11:55:00,722.0354545454545
2018-05-21 12:00:00,721.9366666666666
2018-05-21 12:05:00,721.86
2018-05-21 12:10:00,721.745
2018-05-21 12:15:00,721.56
2018-05-21 12:20:00,721.5833333333333
2018-05-21 12:25:00,721.56
2018-05-21 12:30:00,721.5236363636363
2018-05-21 12:35:00,721.48
2018-05-21 12:40:00,721.56
2018-05-21 12:45:00,721.63
2018-05-21 12:50:00,721.63
2018-05-21 12:55:00,721.71
2018-05-21 13:00:00,721.6736363636363
2018-05-21 13:05:00,721.71
2018-05-21 13:10:00,721.86
2018-05-21 13:15:00,721.78
2018-05-21 13:20:00,721.71
2018-05-21 13:25:00,721.8236363636363
2018-05-21 13:30:00,721.78
2018-05-21 13:35:00,721.78
2018-05-21 13:40:00,721.93
2018-05-21 13:45:00,721.93
2018-05-21 13:50:00,721.93
2018-05-21 13:55:00,721.93
2018-05-21 14:00:00,722.01
2018-05-21 14:05:00,721.93
2018-05-21 14:10:00,721.93
2018-05-21 14:15:00,722.0027272727272
2018-05-21 14:20:00,722.01
2018-05-21 14:25:00,722.08
2018-05-21 14:30:00,722.0333333333333
2018-05-21 14:35:00,722.08
2018-05-21 14:40:00,722.08
2018-05-21 14:45:00,722.1163636363636
2018-05-21 14:50:00,722.23
2018-05-21 14:55:00,722.23
2018-05-21 15:00:00,722.23
2018-05-21 15:05:00,722.23
2018-05-21 15:10:00,722.1854545454546
2018-05-21 15:15:00,722.31
2018-05-21 15:20:00,722.23
2018-05-21 15:25:00,722.31
2018-05-21 15:30:00,722.2954545454545
2018-05-21 15:35:00,722.3481818181817
2018-05-21 15:40:00,722.3158333333333
2018-05-21 15:45:00,722.38
2018-05-21 15:50:00,722.38
2018-05-21 15:55:00,722.46
2018-05-21 16:00:00,722.38
2018-05-21 16:05:00,722.46
2018-05-21 16:10:00,722.46
2018-05-21 16:15:00,722.46
2018-05-21 16:20:00,722.53
2018-05-21 16:25:00,722.53
2018-05-21 16:30:00,722.61
2018-05-21 16:35:00,722.61
2018-05-21 16:40:00,722.5966666666667
2018-05-21 16:45:00,722.61
2018-05-21 16:50:00,722.61
2018-05-21 16:55:00,722.68
2018-05-21 17:00:00,722.68
2018-05-21 17:05:00,722.61
2018-05-21 17:10:00,722.6741666666667
2018-05-21 17:15:00,722.61
2018-05-21 17:20:00,722.61
2018-05-21 17:25:00,722.53
2018-05-21 17:30:00,722.4854545454546
2018-05-21 17:35:00,722.46
2018-05-21 17:40:00,722.53
2018-05-21 17:45:00,722.4854545454546
2018-05-21 17:50:00,722.46
2018-05-21 17:55:00,722.495
2018-05-21 18:00:00,722.46
2018-05-21 18:05:00,722.38
2018-05-21 18:10:00,722.38
2018-05-21 18:15:00,722.3227272727272
2018-05-21 18:20:00,722.38
2018-05-21 18:25:00,722.31
2018-05-21 18:30:00,722.31
2018-05-21 18:35:00,722.23
2018-05-21 18:40:00,722.16
2018-05-21 18:45:00,722.08
2018-05-21 18:50:00,722.08
2018-05-21 18:55:00,722.08
2018-05-21 19:00:00,721.9809090909091
2018-05-21 19:05:00,721.93
2018-05-21 19:10:00,721.86
2018-05-21 19:15:00,721.86
2018-05-21 19:20:00,721.78
2018-05-21 19:25:00,721.71
2018-05-21 19:30:00,721.63
2018-05-21 19:35:00,721.71
2018-05-21 19:40:00,721.63
2018-05-21 19:45:00,721.71
2018-05-21 19:50:00,721.6954545454546
2018-05-21 19:55:00,721.63
2018-05-21 20:00:00,721.5716666666666
2018-05-21 20:05:00,721.56
2018-05-21 20:10:00,721.41
2018-05-21 20:15:00,721.41
2018-05-21 20:20:00,721.3633333333332
2018-05-21 20:25:00,721.41
2018-05-21 20:30:00,721.33
2018-05-21 20:35:00,721.33
2018-05-21 20:40:00,721.3109090909091
2018-05-21 20:45:00,721.26
2018-05-21 20:50:00,721.1290909090909
2018-05-21 20:55:00,721.0633333333333
2018-05-21 21:00:00,721.0366666666665
2018-05-21 21:05:00,720.96
2018-05-21 21:10:00,721.03
2018-05-21 21:15:00,720.88
2018-05-21 21:20:00,720.88
2018-05-21 21:25:00,720.88
2018-05-21 21:30:00,720.845
2018-05-21 21:35:00,720.81
2018-05-21 21:40:00,720.81
2018-05-21 21:45:00,720.81
2018-05-21 21:50:00,720.81
2018-05-21 21:55:00,720.8027272727272
2018-05-21 22:00:00,720.81
2018-05-21 22:05:00,720.7445454545455
2018-05-21 22:10:00,720.66
2018-05-21 22:15:00,720.66
2018-05-21 22:20:00,720.66
2018-05-21 22:25:00,720.73
2018-05-21 22:30:00,720.58
2018-05-21 22:35:00,720.58
2018-05-21 22:40:00,720.66
2018-05-21 22:45:00,720.58
2018-05-21 22:50:00,720.51
2018-05-21 22:55:00,720.43
2018-05-21 23:00:00,720.43
2018-05-21 23:05:00,720.36
2018-05-21 23:10:00,720.43
2018-05-21 23:15:00,720.51
2018-05-21 23:20:00,720.51
2018-05-21 23:25:00,720.43
2018-05-21 23:30:00,720.43
2018-05-21 23:35:00,720.4966666666667
2018-05-21 23:40:00,720.43
2018-05-21 23:45:00,720.4566666666666
2018-05-21 23:50:00,720.43
2018-05-21 23:55:00,720.51
2018-05-22 00:00:00,720.5290909090909
2018-05-22 00:05:00,720.58
2018-05-22 00:10:00,720.6
2018-05-22 00:15:00,720.66
2018-05-22 00:20:00,720.66
2018-05-22 00:25:00,720.66
2018-05-22 00:30:00,720.73
2018-05-22 00:35:00,720.81
2018-05-22 00:40:00,720.8163636363637
2018-05-22 00:45:00,720.88
2018-05-22 00:50:00,720.9454545454546
2018-05-22 00:55:00,720.9333333333334
2018-05-22 01:00:00,720.96
2018-05-22 01:05:00,720.94
2018-05-22 01:10:00,720.96
2018-05-22 01:15:00,721.0008333333333
2018-05-22 01:20:00,721.03
2018-05-22 01:25:00,721.03
2018-05-22 01:30:00,721.03
2018-05-22 01:35:00,721.03
2018-05-22 01:40:00,721.11
2018-05-22 01:45:00,721.18
2018-05-22 01:50:00,721.18
2018-05-22 01:55:00,721.1945454545454
2018-05-22 02:00:00,721.18
2018-05-22 02:05:00,721.26
2018-05-22 02:10:00,721.26
2018-05-22 02:15:00,721.3045454545454
2018-05-22 02:20:00,721.33
2018-05-22 02:25:00,721.3809090909091
2018-05-22 02:30:00,721.3809090909091
2018-05-22 02:35:00,721.33
2018-05-22 02:40:00,721.33
2018-05-22 02:45:00,721.33
2018-05-22 02:50:00,721.33
2018-05-22 02:55:00,721.41
2018-05-22 03:00:00,721.4672727272728
2018-05-22 03:05:00,721.4354545454546
2018-05-22 03:10:00,721.3433333333335
2018-05-22 03:15:00,721.4566666666667
2018-05-22 03:20:00,721.56
2018-05-22 03:25:00,721.4945454545455
2018-05-22 03:30:00,721.5527272727272
2018-05-22 03:35:00,721.48
2018-05-22 03:40:00,721.41
2018-05-22 03:45:00,721.4163636363637
2018-05-22 03:50:00,721.52
2018-05-22 03:55:00,721.6172727272728
2018-05-22 04:00:00,721.56
2018-05-22 04:05:00,721.56
2018-05-22 04:10:00,721.63
2018-05-22 04:15:00,721.6045454545455
2018-05-22 04:20:00,721.56
2018-05-22 04:25:00,721.56
2018-05-22 04:30:00,721.56
2018-05-22 04:35:00,721.56
2018-05-22 04:40:00,721.4945454545455
2018-05-22 04:45:00,721.4945454545455
2018-05-22 04:50:00,721.5
2018-05-22 04:55:00,721.48
2018-05-22 05:00:00,721.48
2018-05-22 05:05:00,721.56
2018-05-22 05:10:00,721.5266666666665
2018-05-22 05:15:00,721.48
2018-05-22 05:20:00,721.48
2018-05-22 05:25:00,721.4418181818181
2018-05-22 05:30:00,721.41
2018-05-22 05:35:00,721.41
2018-05-22 05:40:00,721.4545454545455
2018-05-22 05:45:00,721.41
2018-05-22 05:50:00,721.3633333333332
2018-05-22 05:55:00,721.33
2018-05-22 06:00:00,721.26
2018-05-22 06:05:00,721.33
2018-05-22 06:10:00,721.2658333333335
2018-05-22 06:15:00,721.33
2018-05-22 06:20:00,721.2381818181817
2018-05-22 06:25:00,721.18
2018-05-22 06:30:00,721.2527272727272
2018-05-22 06:35:00,721.11
2018-05-22 06:40:00,721.1354545454545
2018-05-22 06:45:00,721.11
2018-05-22 06:50:00,721.11
2018-05-22 06:55:00,721.11
2018-05-22 07:00:00,721.11
2018-05-22 07:05:00,721.1227272727272
2018-05-22 07:10:00,721.1418181818183
2018-05-22 07:15:00,721.03
2018-05-22 07:20:00,720.9854545454546
2018-05-22 07:25:00,720.9381818181819
2018-05-22 07:30:00,720.96
2018-05-22 07:35:00,720.8481818181817
2018-05-22 07:40:00,720.81
2018-05-22 07:45:00,720.7183333333335
2018-05-22 07:50:00,720.6918181818181
2018-05-22 07:55:00,720.73
2018-05-22 08:00:00,720.7590909090909
2018-05-22 08:05:00,720.7372727272729
2018-05-22 08:10:00,720.7109090909091
2018-05-22 08:15:00,720.6381818181818
2018-05-22 08:20:00,720.5872727272728
2018-05-22 08:25:00,720.58
2018-05-22 08:30:00,720.58
2018-05-22 08:35:00,720.5158333333335
2018-05-22 08:40:00,720.51
2018-05-22 08:45:00,720.51
2018-05-22 08:50:00,720.58
2018-05-22 08:55:00,720.58
2018-05-22 09:00:00,720.58
2018-05-22 09:05:00,720.58
2018-05-22 09:10:00,720.58
2018-05-22 09:15:00,720.58
2018-05-22 09:20:00,720.5609090909091
2018-05-22 09:25:00,720.58
2018-05-22 09:30:00,720.51
2018-05-22 09:35:00,720.51
2018-05-22 09:40:00,720.51
2018-05-22 09:45:00,720.43
2018-05-22 09:50:00,720.51
2018-05-22 09:55:00,720.51
2018-05-22 10:00:00,720.58
2018-05-22 10:05:00,720.51
2018-05-22 10:10:00,720.58
2018-05-22 10:15:00,720.58
2018-05-22 10:20:00,720.5481818181819
2018-05-22 10:25:00,720.58
2018-05-22 10:30:00,720.5609090909091
2018-05-22 10:35:00,720.51
2018-05-22 10:40:00,720.58
2018-05-22 10:45:00,720.58
2018-05-22 10:50:00,720.66
2018-05-22 10:55:00,720.73
2018-05-22 11:00:00,720.7109090909091
2018-05-22 11:05:00,720.66
2018-05-22 11:10:00,720.7366666666667
2018-05-22 11:15:00,720.8290909090907
2018-05-22 11:20:00,720.96
2018-05-22 11:25:00,721.03
2018-05-22 11:30:00,721.03
2018-05-22 11:35:00,721.11
2018-05-22 11:40:00,721.1672727272728
2018-05-22 11:45:00,721.1741666666667
2018-05-22 11:50:00,721.2309090909091
2018-05-22 11:55:00,721.26
2018-05-22 12:00:00,721.33
2018-05-22 12:05:00,721.41
2018-05-22 12:10:00,721.48
2018-05-22 12:15:00,721.56
2018-05-22 12:20:00,721.63
2018-05-22 12:25:00,721.63
2018-05-22 12:30:00,721.7418181818182
2018-05-22 12:35:00,721.78
2018-05-22 12:40:00,721.86
2018-05-22 12:45:00,721.93
2018-05-22 12:50:00,722.01
2018-05-22 12:55:00,722.08
2018-05-22 13:00:00,722.08
2018-05-22 13:05:00,722.08
2018-05-22 13:10:00,722.16
2018-05-22 13:15:00,722.23
2018-05-22 13:20:00,722.23
2018-05-22 13:25:00,722.3566666666667
2018-05-22 13:30:00,722.38
2018-05-22 13:35:00,722.4663636363637
2018-05-22 13:40:00,722.53
2018-05-22 13:45:00,722.61
2018-05-22 13:50:00,722.61
2018-05-22 13:55:00,722.6290909090909
2018-05-22 14:00:00,722.76
2018-05-22 14:05:00,722.83
2018-05-22 14:10:00,722.91
2018-05-22 14:15:00,722.9449999999998
2018-05-22 14:20:00,722.91
2018-05-22 14:25:00,722.91
2018-05-22 14:30:00,722.9511764705883
2018-05-22 14:35:00,722.98
2018-05-22 14:40:00,723.0090909090909
2018-05-22 14:45:00,722.98
2018-05-22 14:50:00,723.06
2018-05-22 14:55:00,723.06
2018-05-22 15:00:00,723.06
2018-05-22 15:05:00,723.06
2018-05-22 15:10:00,723.0981818181817
2018-05-22 15:15:00,723.0790909090907
2018-05-22 15:20:00,723.13
2018-05-22 15:25:00,723.13
2018-05-22 15:30:00,723.13
2018-05-22 15:35:00,723.13
2018-05-22 15:40:00,723.21
2018-05-22 15:45:00,723.2227272727272
2018-05-22 15:50:00,723.2158333333334
2018-05-22 15:55:00,723.21
2018-05-22 16:00:00,723.21
2018-05-22 16:05:00,723.1881818181819
2018-05-22 16:10:00,723.21
2018-05-22 16:15:00,723.21
2018-05-22 16:20:00,723.21
2018-05-22 16:25:00,723.21
2018-05-22 16:30:00,723.21
2018-05-22 16:35:00,723.21
2018-05-22 16:40:00,723.1009090909091
2018-05-22 16:45:00,723.13
2018-05-22 16:50:00,723.0663636363637
2018-05-22 16:55:00,723.06
2018-05-22 17:00:00,723.13
2018-05-22 17:05:00,723.0727272727272
2018-05-22 17:10:00,723.06
2018-05-22 17:15:00,723.0309090909091
2018-05-22 17:20:00,722.9736363636363
2018-05-22 17:25:00,722.8590909090909
2018-05-22 17:30:00,722.83
2018-05-22 17:35:00,722.76
2018-05-22 17:40:00,722.76
2018-05-22 17:45:00,722.68
2018-05-22 17:50:00,722.68
2018-05-22 17:55:00,722.68
2018-05-22 18:00:00,722.7133333333333
2018-05-22 18:05:00,722.7309090909091
2018-05-22 18:10:00,722.76
2018-05-22 18:15:00,722.76
2018-05-22 18:20:00,722.6945454545454
2018-05-22 18:25:00,722.68
2018-05-22 18:30:00,722.6354545454545
2018-05-22 18:35:00,722.53
2018-05-22 18:40:00,722.53
2018-05-22 18:45:00,722.38
2018-05-22 18:50:00,722.31
2018-05-22 18:55:00,722.3082354876798
2018-05-22 19:00:00,722.3051578499118
2018-05-22 19:05:00,722.302080212144
2018-05-22 19:10:00,722.2990025743762
2018-05-22 19:15:00,722.2959249366082
2018-05-22 19:20:00,722.2928472988405
2018-05-22 19:25:00,722.2897696610727
2018-05-22 19:30:00,722.2866920233048
2018-05-22 19:35:00,722.2836143855369
2018-05-22 19:40:00,722.2805367477691
2018-05-22 19:45:00,722.2774591100012
2018-05-22 19:50:00,722.2743814722335
2018-05-22 19:55:00,722.2713038344656
2018-05-22 20:00:00,722.2682261966977
2018-05-22 20:05:00,722.2651485589299
2018-05-22 20:10:00,722.2620709211621
2018-05-22 20:15:00,722.2589932833943
2018-05-22 20:20:00,722.2559156456264
2018-05-22 20:25:00,722.2528380078586
2018-05-22 20:30:00,722.2497603700908
2018-05-22 20:35:00,722.2466827323228
2018-05-22 20:40:00,722.243605094555
2018-05-22 20:45:00,722.2405274567873
2018-05-22 20:50:00,722.2374498190193
2018-05-22 20:55:00,722.2343721812515
2018-05-22 21:00:00,722.2312945434837
2018-05-22 21:05:00,722.2282169057158
2018-05-22 21:10:00,722.225139267948
2018-05-22 21:15:00,722.2220616301802
2018-05-22 21:20:00,722.2189839924123
2018-05-22 21:25:00,722.2159063546445
2018-05-22 21:30:00,722.2128287168766
2018-05-22 21:35:00,722.2097510791087
2018-05-22 21:40:00,722.206673441341
2018-05-22 21:45:00,722.2035958035732
2018-05-22 21:50:00,722.2005181658052
2018-05-22 21:55:00,722.1974405280374
2018-05-22 22:00:00,722.1943628902694
2018-05-22 22:05:00,722.1912852525016
2018-05-22 22:10:00,722.1882076147339
2018-05-22 22:15:00,722.1851299769661
2018-05-22 22:20:00,722.1820523391983
2018-05-22 22:25:00,722.1789747014302
2018-05-22 22:30:00,722.1758970636625
2018-05-22 22:35:00,722.1728194258948
2018-05-22 22:40:00,722.1697417881269
2018-05-22 22:45:00,722.166664150359
2018-05-22 22:50:00,722.1635865125912
2018-05-22 22:55:00,722.1605088748233
2018-05-22 23:00:00,722.1574312370553
2018-05-22 23:05:00,722.1543535992877
2018-05-22 23:10:00,722.1512759615198
2018-05-22 23:15:00,722.148198323752
2018-05-22 23:20:00,722.1451206859842
2018-05-22 23:25:00,722.1420430482162
2018-05-22 23:30:00,722.1389654104485
2018-05-22 23:35:00,722.1358877726807
2018-05-22 23:40:00,722.1328101349127
2018-05-22 23:45:00,722.1297324971449
2018-05-22 23:50:00,722.126654859377
2018-05-22 23:55:00,722.1235772216091
2018-05-23 00:00:00,722.1204995838414
2018-05-23 00:05:00,722.1174219460736
2018-05-23 00:10:00,722.1143443083058
2018-05-23 00:15:00,722.1112666705377
2018-05-23 00:20:00,722.10818903277
2018-05-23 00:25:00,722.1051113950023
2018-05-23 00:30:00,722.1020337572344
2018-05-23 00:35:00,722.0989561194666
2018-05-23 00:40:00,722.0958784816986
2018-05-23 00:45:00,722.0928008439308
2018-05-23 00:50:00,722.0897232061631
2018-05-23 00:55:00,722.0866455683953
2018-05-23 01:00:00,722.0835679306273
2018-05-23 01:05:00,722.0804902928594
2018-05-23 01:10:00,722.0774126550915
2018-05-23 01:15:00,722.0743350173237
2018-05-23 01:20:00,722.071257379556
2018-05-23 01:25:00,722.0681797417882
2018-05-23 01:30:00,722.0651021040202
2018-05-23 01:35:00,722.0620244662524
2018-05-23 01:40:00,722.0589468284845
2018-05-23 01:45:00,722.0558691907167
2018-05-23 01:50:00,722.0527915529489
2018-05-23 01:55:00,722.0497139151811
2018-05-23 02:00:00,722.0466362774132
2018-05-23 02:05:00,722.0435586396452
2018-05-23 02:10:00,722.0404810018774
2018-05-23 02:15:00,722.0374033641098
2018-05-23 02:20:00,722.0343257263419
2018-05-23 02:25:00,722.0312480885741
2018-05-23 02:30:00,722.0281704508061
2018-05-23 02:35:00,722.0250928130382
2018-05-23 02:40:00,722.0220151752704
2018-05-23 02:45:00,722.0189375375028
2018-05-23 02:50:00,722.0158598997348
2018-05-23 02:55:00,722.0127822619669
2018-05-23 03:00:00,722.0097046241991
2018-05-23 03:05:00,722.0066269864312
2018-05-23 03:10:00,722.0035493486635
2018-05-23 03:15:00,722.0004717108957
2018-05-23 03:20:00,721.9973940731278
2018-05-23 03:25:00,721.9943164353598
2018-05-23 03:30:00,721.991238797592
2018-05-23 03:35:00,721.9881611598242
2018-05-23 03:40:00,721.9850835220565
2018-05-23 03:45:00,721.9820058842885
2018-05-23 03:50:00,721.9789282465207
2018-05-23 03:55:00,721.9758506087527
2018-05-23 04:00:00,721.9727729709849
2018-05-23 04:05:00,721.9696953332171
2018-05-23 04:10:00,721.9666176954494
2018-05-23 04:15:00,721.9635400576814
2018-05-23 04:20:00,721.9604624199136
2018-05-23 04:25:00,721.9573847821457
2018-05-23 04:30:00,721.9543071443779
2018-05-23 04:35:00,721.9512295066103
2018-05-23 04:40:00,721.9481518688423
2018-05-23 04:45:00,721.9450742310744
2018-05-23 04:50:00,721.9419965933066
2018-05-23 04:55:00,721.9389189555388
2018-05-23 05:00:00,721.935841317771
2018-05-23 05:05:00,721.9327636800031
2018-05-23 05:10:00,721.9296860422353
2018-05-23 05:15:00,721.9266084044673
2018-05-23 05:20:00,721.9235307666995
2018-05-23 05:25:00,721.9204531289317
2018-05-23 05:30:00,721.917375491164
2018-05-23 05:35:00,721.914297853396
2018-05-23 05:40:00,721.9112202156282
2018-05-23 05:45:00,721.9081425778603
2018-05-23 05:50:00,721.9050649400924
2018-05-23 05:55:00,721.9019873023246
2018-05-23 06:00:00,721.8989096645568
2018-05-23 06:05:00,721.895832026789
2018-05-23 06:10:00,721.8927543890211
2018-05-23 06:15:00,721.8896767512532
2018-05-23 06:20:00,721.8865991134854
2018-05-23 06:25:00,721.8835214757174
2018-05-23 06:30:00,721.8804438379497
2018-05-23 06:35:00,721.8773662001819
2018-05-23 06:40:00,721.8742885624141
2018-05-23 06:45:00,721.8712109246463
2018-05-23 06:50:00,721.8681332868783
2018-05-23 06:55:00,721.8650556491106
2018-05-23 07:00:00,721.8619780113428
2018-05-23 07:05:00,721.8589003735748
2018-05-23 07:10:00,721.855822735807
2018-05-23 07:15:00,721.8527450980392
2018-05-23 07:20:00,721.8496674602713
2018-05-23 07:25:00,721.8465898225035
2018-05-23 07:30:00,721.8435121847357
2018-05-23 07:35:00,721.8404345469678
2018-05-23 07:40:00,721.8373569092
2018-05-23 07:45:00,721.8342792714321
2018-05-23 07:50:00,721.8312016336643
2018-05-23 07:55:00,721.8281239958965
2018-05-23 08:00:00,721.8250463581287
2018-05-23 08:05:00,721.8219687203607
2018-05-23 08:10:00,721.8188910825929
2018-05-23 08:15:00,721.8158134448249
2018-05-23 08:20:00,721.8127358070572
2018-05-23 08:25:00,721.8096581692894
2018-05-23 08:30:00,721.8065805315216
2018-05-23 08:35:00,721.8035028937538
2018-05-23 08:40:00,721.8004252559857
2018-05-23 08:45:00,721.7973476182179
2018-05-23 08:50:00,721.7942699804503
2018-05-23 08:55:00,721.7911923426824
2018-05-23 09:00:00,721.7881147049145
2018-05-23 09:05:00,721.7850370671466
2018-05-23 09:10:00,721.7819594293788
2018-05-23 09:15:00,721.78
2018-05-23 09:20:00,721.78
2018-05-23 09:25:00,721.8236363636363
2018-05-23 09:30:00,721.86
2018-05-23 09:35:00,721.86
2018-05-23 09:40:00,721.78
2018-05-23 09:45:00,721.78
2018-05-23 09:50:00,721.78
2018-05-23 09:55:00,721.86
2018-05-23 10:00:00,721.78
2018-05-23 10:05:00,721.78
2018-05-23 10:10:00,721.7945454545454
2018-05-23 10:15:00,721.86
2018-05-23 10:20:00,721.9109090909092
2018-05-23 10:25:00,721.93
2018-05-23 10:30:00,721.9954545454545
2018-05-23 10:35:00,722.08
2018-05-23 10:40:00,722.0163636363636
2018-05-23 10:45:00,722.08
2018-05-23 10:50:00,722.1266666666667
2018-05-23 10:55:00,722.08
2018-05-23 11:00:00,722.1454545454545
2018-05-23 11:05:00,722.1066666666667
2018-05-23 11:10:00,722.23
2018-05-23 11:15:00,722.23
2018-05-23 11:20:00,722.31
2018-05-23 11:25:00,722.3227272727272
2018-05-23 11:30:00,722.3333333333333
2018-05-23 11:35:00,722.31
2018-05-23 11:40:00,722.38
2018-05-23 11:45:00,722.38
2018-05-23 11:50:00,722.46
2018-05-23 11:55:00,722.46
2018-05-23 12:00:00,722.53
2018-05-23 12:05:00,722.53
2018-05-23 12:10:00,722.61
2018-05-23 12:15:00,722.6418181818183
2018-05-23 12:20:00,722.68
2018-05-23 12:25:00,722.76
2018-05-23 12:30:00,722.76
2018-05-23 12:35:00,722.76
2018-05-23 12:40:00,722.83
2018-05-23 12:45:00,722.83
2018-05-23 12:50:00,722.7727272727273
2018-05-23 12:55:00,722.83
2018-05-23 13:00:00,722.83
2018-05-23 13:05:00,722.91
2018-05-23 13:10:00,722.9354545454546
2018-05-23 13:15:00,722.91
2018-05-23 13:20:00,722.98
2018-05-23 13:25:00,722.98
2018-05-23 13:30:00,723.0309090909091
2018-05-23 13:35:00,723.06
2018-05-23 13:40:00,723.1236363636364
2018-05-23 13:45:00,723.1809090909093
2018-05-23 13:50:00,723.21
2018-05-23 13:55:00,723.21
2018-05-23 14:00:00,723.1954545454546
2018-05-23 14:05:00,723.1518181818183
2018-05-23 14:10:00,723.21
2018-05-23 14:15:00,723.1590909090909
2018-05-23 14:20:00,723.21
2018-05-23 14:25:00,723.21
2018-05-23 14:30:00,723.21
2018-05-23 14:35:00,723.28
2018-05-23 14:40:00,723.28
2018-05-23 14:45:00,723.28
2018-05-23 14:50:00,723.28
2018-05-23 14:55:00,723.28
2018-05-23 15:00:00,723.36
2018-05-23 15:05:00,723.36
2018-05-23 15:10:00,723.43
2018-05-23 15:15:00,723.43
2018-05-23 15:20:00,723.43
2018-05-23 15:25:00,723.4954545454545
2018-05-23 15:30:00,723.43
2018-05-23 15:35:00,723.43
2018-05-23 15:40:00,723.4881818181817
2018-05-23 15:45:00,723.51
2018-05-23 15:50:00,723.51
2018-05-23 15:55:00,723.51
2018-05-23 16:00:00,723.51
2018-05-23 16:05:00,723.51
2018-05-23 16:10:00,723.5545454545454
2018-05-23 16:15:00,723.5736363636363
2018-05-23 16:20:00,723.58
2018-05-23 16:25:00,723.58
2018-05-23 16:30:00,723.58
2018-05-23 16:35:00,723.58
2018-05-23 16:40:00,723.6309090909091
2018-05-23 16:45:00,723.58
2018-05-23 16:50:00,723.58
2018-05-23 16:55:00,723.66
2018-05-23 17:00:00,723.6090909090909
2018-05-23 17:05:00,723.5933333333335
2018-05-23 17:10:00,723.58
2018-05-23 17:15:00,723.5683333333334
2018-05-23 17:20:00,723.5450000000002
2018-05-23 17:25:00,723.58
2018-05-23 17:30:00,723.51
2018-05-23 17:35:00,723.43
2018-05-23 17:40:00,723.4736363636363
2018-05-23 17:45:00,723.43
2018-05-23 17:50:00,723.49
2018-05-23 17:55:00,723.43
2018-05-23 18:00:00,723.3658333333333
2018-05-23 18:05:00,723.3981818181818
2018-05-23 18:10:00,723.36
2018-05-23 18:15:00,723.28
2018-05-23 18:20:00,723.36
2018-05-23 18:25:00,723.28
2018-05-23 18:30:00,723.28
2018-05-23 18:35:00,723.338181818182
2018-05-23 18:40:00,723.28
2018-05-23 18:45:00,723.2216666666667
2018-05-23 18:50:00,723.21
2018-05-23 18:55:00,723.21
2018-05-23 19:00:00,723.15
2018-05-23 19:05:00,723.13
2018-05-23 19:10:00,723.13
2018-05-23 19:15:00,723.13
2018-05-23 19:20:00,723.06
2018-05-23 19:25:00,723.06
2018-05-23 19:30:00,722.98
2018-05-23 19:35:00,722.9275
2018-05-23 19:40:00,722.91
2018-05-23 19:45:00,722.91
2018-05-23 19:50:00,722.91
2018-05-23 19:55:00,722.83
2018-05-23 20:00:00,722.83
2018-05-23 20:05:00,722.76
2018-05-23 20:10:00,722.76
2018-05-23 20:15:00,722.76
2018-05-23 20:20:00,722.76
2018-05-23 20:25:00,722.68
2018-05-23 20:30:00,722.6290909090909
2018-05-23 20:35:00,722.5366666666665
2018-05-23 20:40:00,722.4918181818182
2018-05-23 20:45:00,722.46
2018-05-23 20:50:00,722.46
2018-05-23 20:55:00,722.4333333333334
