2018-04-25 11:00:00,
2018-04-25 11:05:00,697.0833333045479
2018-04-25 11:10:00,634.1666666666663
2018-04-25 11:15:00,571.2499999999985
2018-04-25 11:20:00,508.3333333333316
2018-04-25 11:25:00,445.4166666666665
2018-04-25 11:30:00,382.4999999999993
2018-04-25 11:35:00,319.58333333333223
2018-04-25 11:40:00,256.6666666666662
2018-04-25 11:45:00,193.74999999999991
2018-04-25 11:50:00,130.83333333333314
2018-04-25 11:55:00,67.91666668478426
2018-04-25 12:00:00,5.942014916996887
2018-04-25 12:05:00,4.991666684784153
2018-04-25 12:10:00,4.983333333333318
2018-04-25 12:15:00,4.974999999999974
2018-04-25 12:20:00,4.966666666666657
2018-04-25 12:25:00,4.958333333333352
2018-04-25 12:30:00,4.950000000000006
2018-04-25 12:35:00,4.941666666666674
2018-04-25 12:40:00,4.933333333333328
2018-04-25 12:45:00,4.924999999999988
2018-04-25 12:50:00,4.916666666666676
2018-04-25 12:55:00,4.908333333314132
2018-04-25 13:00:00,4.89900170627421
2018-04-25 13:05:00,4.824999999980796
2018-04-25 13:10:00,4.750000000000002
2018-04-25 13:15:00,4.674999999999988
2018-04-25 13:20:00,4.599999999999995
2018-04-25 13:25:00,4.525
2018-04-25 13:30:00,4.450000000000002
2018-04-25 13:35:00,4.3749999999999964
2018-04-25 13:40:00,4.299999999999988
2018-04-25 13:45:00,4.224999999999997
2018-04-25 13:50:00,4.149999999999991
2018-04-25 13:55:00,4.0749999999975985
2018-04-25 14:00:00,3.9998752132842728
2018-04-25 14:05:00,3.916666666664265
2018-04-25 14:10:00,3.8333333333333313
2018-04-25 14:15:00,3.7499999999999987
2018-04-25 14:20:00,3.666666666666664
2018-04-25 14:25:00,3.583333333333329
2018-04-25 14:30:00,3.4999999999999973
2018-04-25 14:35:00,3.416666666666665
2018-04-25 14:40:00,3.333333333333333
2018-04-25 14:45:00,3.2499999999999933
2018-04-25 14:50:00,3.166666666666662
2018-04-25 14:55:00,3.0833333333333304
2018-04-25 15:00:00,2.999999999999996
2018-04-25 15:05:00,2.9166666666666674
2018-04-25 15:10:00,2.833333333333325
2018-04-25 15:15:00,2.749999999999996
2018-04-25 15:20:00,2.6666666666666665
2018-04-25 15:25:00,2.583333333333335
2018-04-25 15:30:00,2.500000000000002
2018-04-25 15:35:00,2.4166666666666665
2018-04-25 15:40:00,2.333333333333332
2018-04-25 15:45:00,2.2500000000000013
2018-04-25 15:50:00,2.1666666666666643
2018-04-25 15:55:00,2.0833333333333326
2018-04-25 16:00:00,1.9999999999999991
2018-04-25 16:05:00,1.9166666666666647
2018-04-25 16:10:00,1.8333333333333333
2018-04-25 16:15:00,1.7499999999999942
2018-04-25 16:20:00,1.6666666666666652
2018-04-25 16:25:00,1.5833333333333286
2018-04-25 16:30:00,1.4999999999999964
2018-04-25 16:35:00,1.416666666666669
2018-04-25 16:40:00,1.3333333333333313
2018-04-25 16:45:00,1.250000000000001
2018-04-25 16:50:00,1.166666666666668
2018-04-25 16:55:00,1.0833333333561357
2018-04-25 17:00:00,1.0011854737993728
2018-04-25 17:05:00,0.9958333333561316
2018-04-25 17:10:00,0.9916666666666656
2018-04-25 17:15:00,0.9874999999999958
2018-04-25 17:20:00,0.9833333333333324
2018-04-25 17:25:00,0.9791666666666656
2018-04-25 17:30:00,0.9749999999999984
2018-04-25 17:35:00,0.9708333333333324
2018-04-25 17:40:00,0.9666666666666656
2018-04-25 17:45:00,0.9624999999999988
2018-04-25 17:50:00,0.9583333333333328
2018-04-25 17:55:00,0.9541666666666668
2018-04-25 18:00:00,0.9499999999999976
2018-04-25 18:05:00,0.9458333333333327
2018-04-25 18:10:00,0.9416666666666652
2018-04-25 18:15:00,0.9374999999999998
2018-04-25 18:20:00,0.9333333333333328
2018-04-25 18:25:00,0.9291666666666653
2018-04-25 18:30:00,0.9249999999999986
2018-04-25 18:35:00,0.9208333333333348
2018-04-25 18:40:00,0.9166666666666664
2018-04-25 18:45:00,0.9124999999999986
2018-04-25 18:50:00,0.9083333333333335
2018-04-25 18:55:00,0.9041666666666645
2018-04-25 19:00:00,0.8999999999999986
2018-04-25 19:05:00,0.8958333333333326
2018-04-25 19:10:00,0.8916666666666649
2018-04-25 19:15:00,0.8874999999999988
2018-04-25 19:20:00,0.8833333333333335
2018-04-25 19:25:00,0.8791666666666692
2018-04-25 19:30:00,0.8750000000000003
2018-04-25 19:35:00,0.8708333333333336
2018-04-25 19:40:00,0.8666666666666639
2018-04-25 19:45:00,0.8624999999999989
2018-04-25 19:50:00,0.8583333333333332
2018-04-25 19:55:00,0.8541666666654658
2018-04-25 20:00:00,0.8499376066421354
2018-04-25 20:05:00,0.8416666666654674
2018-04-25 20:10:00,0.8333333333333324
2018-04-25 20:15:00,0.8250000000000008
2018-04-25 20:20:00,0.8166666666666661
2018-04-25 20:25:00,0.8083333333333327
2018-04-25 20:30:00,0.7999999999999988
2018-04-25 20:35:00,0.7916666666666652
2018-04-25 20:40:00,0.7833333333333327
2018-04-25 20:45:00,0.7750000000000006
2018-04-25 20:50:00,0.7666666666666659
2018-04-25 20:55:00,0.7583333333333333
2018-04-25 21:00:00,0.7499999999999987
2018-04-25 21:05:00,0.7416666666666656
2018-04-25 21:10:00,0.7333333333333331
2018-04-25 21:15:00,0.7250000000000002
2018-04-25 21:20:00,0.7166666666666665
2018-04-25 21:25:00,0.7083333333333327
2018-04-25 21:30:00,0.6999999999999992
2018-04-25 21:35:00,0.6916666666666651
2018-04-25 21:40:00,0.6833333333333329
2018-04-25 21:45:00,0.6749999999999998
2018-04-25 21:50:00,0.6666666666666662
2018-04-25 21:55:00,0.6583333333333321
2018-04-25 22:00:00,0.6499999999999977
2018-04-25 22:05:00,0.6416666666666643
2018-04-25 22:10:00,0.6333333333333319
2018-04-25 22:15:00,0.6250000000000007
2018-04-25 22:20:00,0.6166666666666654
2018-04-25 22:25:00,0.6083333333333337
2018-04-25 22:30:00,0.5999999999999984
2018-04-25 22:35:00,0.5916666666666656
2018-04-25 22:40:00,0.5833333333333316
2018-04-25 22:45:00,0.5749999999999998
2018-04-25 22:50:00,0.5666666666666651
2018-04-25 22:55:00,0.5583333333345323
2018-04-25 23:00:00,0.5500623933578612
2018-04-25 23:05:00,0.5458333333345337
2018-04-25 23:10:00,0.5416666666666663
2018-04-25 23:15:00,0.5374999999999998
2018-04-25 23:20:00,0.5333333333333327
2018-04-25 23:25:00,0.5291666666666675
2018-04-25 23:30:00,0.5249999999999997
2018-04-25 23:35:00,0.5208333333333337
2018-04-25 23:40:00,0.5166666666666667
2018-04-25 23:45:00,0.5125000000000001
2018-04-25 23:50:00,0.5083333333333316
2018-04-25 23:55:00,0.5041666666673871
2018-04-26 00:00:00,0.5000374360147168
2018-04-26 00:05:00,0.4983333333340535
2018-04-26 00:10:00,0.4966666666666683
2018-04-26 00:15:00,0.4949999999999979
2018-04-26 00:20:00,0.4933333333333321
2018-04-26 00:25:00,0.4916666666666685
2018-04-26 00:30:00,0.4900000000000018
2018-04-26 00:35:00,0.488333333333331
2018-04-26 00:40:00,0.4866666666666667
2018-04-26 00:45:00,0.4850000000000023
2018-04-26 00:50:00,0.4833333333333333
2018-04-26 00:55:00,0.481666666666665
2018-04-26 01:00:00,0.4800000000000007
2018-04-26 01:05:00,0.4783333333333357
2018-04-26 01:10:00,0.476666666666665
2018-04-26 01:15:00,0.474999999999998
2018-04-26 01:20:00,0.4733333333333336
2018-04-26 01:25:00,0.4716666666666686
2018-04-26 01:30:00,0.4699999999999981
2018-04-26 01:35:00,0.4683333333333319
2018-04-26 01:40:00,0.466666666666668
2018-04-26 01:45:00,0.4650000000000012
2018-04-26 01:50:00,0.4633333333333305
2018-04-26 01:55:00,0.4616666666666666
2018-04-26 02:00:00,0.460000000000002
2018-04-26 02:05:00,0.4583333333333336
2018-04-26 02:10:00,0.4566666666666648
2018-04-26 02:15:00,0.4550000000000004
2018-04-26 02:20:00,0.4533333333333352
2018-04-26 02:25:00,0.4516666666666656
2018-04-26 02:30:00,0.44999999999999823
2018-04-26 02:35:00,0.4483333333333346
2018-04-26 02:40:00,0.4466666666666692
2018-04-26 02:45:00,0.4449999999999971
2018-04-26 02:50:00,0.4433333333333315
2018-04-26 02:55:00,0.441666666666668
2018-04-26 03:00:00,0.4400000000000001
2018-04-26 03:05:00,0.4383333333333315
2018-04-26 03:10:00,0.4366666666666672
2018-04-26 03:15:00,0.43500000000000144
2018-04-26 03:20:00,0.43333333333333307
2018-04-26 03:25:00,0.4316666666666638
2018-04-26 03:30:00,0.43000000000000094
2018-04-26 03:35:00,0.42833333333333534
2018-04-26 03:40:00,0.4266666666666649
2018-04-26 03:45:00,0.42499999999999893
2018-04-26 03:50:00,0.42333333333333495
2018-04-26 03:55:00,0.4216666666666694
2018-04-26 04:00:00,0.419999999999998
2018-04-26 04:05:00,0.4183333333333326
2018-04-26 04:10:00,0.4166666666666682
2018-04-26 04:15:00,0.4150000000000009
2018-04-26 04:20:00,0.4133333333333318
2018-04-26 04:25:00,0.4116666666666671
2018-04-26 04:30:00,0.4100000000000033
2018-04-26 04:35:00,0.40833333333333344
2018-04-26 04:40:00,0.40666666666666507
2018-04-26 04:45:00,0.4050000000000012
2018-04-26 04:50:00,0.4033333333333356
2018-04-26 04:55:00,0.4016666666666649
2018-04-26 05:00:00,0.3999999999999983
2018-04-26 05:05:00,0.3983333333333343
2018-04-26 05:10:00,0.3966666666666693
2018-04-26 05:15:00,0.3949999999999965
2018-04-26 05:20:00,0.3933333333333321
2018-04-26 05:25:00,0.3916666666666681
2018-04-26 05:30:00,0.3900000000000007
2018-04-26 05:35:00,0.3883333333333305
2018-04-26 05:40:00,0.3866666666666661
2018-04-26 05:45:00,0.3850000000000027
2018-04-26 05:50:00,0.3833333333333327
2018-04-26 05:55:00,0.38166666666690463
2018-04-26 06:00:00,0.38001247867157095
2018-04-26 06:05:00,0.3791666666669073
2018-04-26 06:10:00,0.37833333333333213
2018-04-26 06:15:00,0.3775000000000002
2018-04-26 06:20:00,0.3766666666666657
2018-04-26 06:25:00,0.3758333333333331
2018-04-26 06:30:00,0.37499999999999895
2018-04-26 06:35:00,0.3741666666666665
2018-04-26 06:40:00,0.37333333333333296
2018-04-26 06:45:00,0.37250000000000016
2018-04-26 06:50:00,0.3716666666666664
2018-04-26 06:55:00,0.3708333333333324
2018-04-26 07:00:00,0.3700000000000005
2018-04-26 07:05:00,0.3691666666666661
2018-04-26 07:10:00,0.36833333333333385
2018-04-26 07:15:00,0.3674999999999994
2018-04-26 07:20:00,0.3666666666666663
2018-04-26 07:25:00,0.3658333333333321
2018-04-26 07:30:00,0.365
2018-04-26 07:35:00,0.36416666666666586
2018-04-26 07:40:00,0.3633333333333333
2018-04-26 07:45:00,0.3624999999999998
2018-04-26 07:50:00,0.3616666666666662
2018-04-26 07:55:00,0.3608333333333329
2018-04-26 08:00:00,0.35999999999999915
2018-04-26 08:05:00,0.3591666666666662
2018-04-26 08:10:00,0.3583333333333327
2018-04-26 08:15:00,0.3574999999999997
2018-04-26 08:20:00,0.3566666666666669
2018-04-26 08:25:00,0.3558333333333324
2018-04-26 08:30:00,0.3549999999999994
2018-04-26 08:35:00,0.3541666666666665
2018-04-26 08:40:00,0.3533333333333333
2018-04-26 08:45:00,0.35250000000000026
2018-04-26 08:50:00,0.35166666666666585
2018-04-26 08:55:00,0.3508333333335731
2018-04-26 09:00:00,0.3500124786715712
2018-04-26 09:05:00,0.35000000000023795
2018-04-26 09:10:00,0.3499999999999979
2018-04-26 09:15:00,0.3499999999999979
2018-04-26 09:20:00,0.3499999999999979
2018-04-26 09:25:00,0.3499999999999979
2018-04-26 09:30:00,0.3499999999999979
2018-04-26 09:35:00,0.3499999999999979
2018-04-26 09:40:00,0.3499999999999979
2018-04-26 09:45:00,0.3499999999999979
2018-04-26 09:50:00,0.3499999999999979
2018-04-26 09:55:00,0.3499999999999979
2018-04-26 10:00:00,0.3499999999999979
2018-04-26 10:05:00,0.3499999999999979
2018-04-26 10:10:00,0.3499999999999979
2018-04-26 10:15:00,0.3499999999999979
2018-04-26 10:20:00,0.3499999999999979
2018-04-26 10:25:00,0.3499999999999979
2018-04-26 10:30:00,0.3499999999999979
2018-04-26 10:35:00,0.3499999999999979
2018-04-26 10:40:00,0.3499999999999979
2018-04-26 10:45:00,0.3499999999999979
2018-04-26 10:50:00,0.3499999999999979
2018-04-26 10:55:00,0.3499999999999979
2018-04-26 11:00:00,0.3499999999999979
2018-04-26 11:05:00,0.3499999999999979
2018-04-26 11:10:00,0.3499999999999979
2018-04-26 11:15:00,0.3499999999999979
2018-04-26 11:20:00,0.3499999999999979
2018-04-26 11:25:00,0.3499999999999979
2018-04-26 11:30:00,0.3499999999999979
2018-04-26 11:35:00,0.3499999999999979
2018-04-26 11:40:00,0.3499999999999979
2018-04-26 11:45:00,0.3499999999999979
2018-04-26 11:50:00,0.3499999999999979
2018-04-26 11:55:00,0.3499999999997587
2018-04-26 12:00:00,0.3499875213284264
2018-04-26 12:05:00,0.3491666666664258
2018-04-26 12:10:00,0.3483333333333332
2018-04-26 12:15:00,0.3474999999999997
2018-04-26 12:20:00,0.3466666666666661
2018-04-26 12:25:00,0.3458333333333329
2018-04-26 12:30:00,0.3450000000000005
2018-04-26 12:35:00,0.3441666666666663
2018-04-26 12:40:00,0.34333333333333393
2018-04-26 12:45:00,0.34249999999999936
2018-04-26 12:50:00,0.3416666666666669
2018-04-26 12:55:00,0.3408333333330925
2018-04-26 13:00:00,0.3399875213284268
2018-04-26 13:05:00,0.338333333333092
2018-04-26 13:10:00,0.3366666666666673
2018-04-26 13:15:00,0.3350000000000026
2018-04-26 13:20:00,0.3333333333333329
2018-04-26 13:25:00,0.3316666666666656
2018-04-26 13:30:00,0.3300000000000011
2018-04-26 13:35:00,0.3283333333333363
2018-04-26 13:40:00,0.32666666666666444
2018-04-26 13:45:00,0.3249999999999983
2018-04-26 13:50:00,0.32333333333333425
2018-04-26 13:55:00,0.3216666666669082
2018-04-26 14:00:00,0.3200124786715724
2018-04-26 14:05:00,0.3191666666669052
2018-04-26 14:10:00,0.3183333333333344
2018-04-26 14:15:00,0.3174999999999975
2018-04-26 14:20:00,0.31666666666666626
2018-04-26 14:25:00,0.31583333333333424
2018-04-26 14:30:00,0.31500000000000017
2018-04-26 14:35:00,0.3141666666666666
2018-04-26 14:40:00,0.3133333333333336
2018-04-26 14:45:00,0.3124999999999997
2018-04-26 14:50:00,0.3116666666666666
2018-04-26 14:55:00,0.3108333333328531
2018-04-26 15:00:00,0.3099750426568555
2018-04-26 15:05:00,0.30749999999951977
2018-04-26 15:10:00,0.30499999999999955
2018-04-26 15:15:00,0.3024999999999992
2018-04-26 15:20:00,0.2999999999999991
2018-04-26 15:25:00,0.2974999999999991
2018-04-26 15:30:00,0.29499999999999976
2018-04-26 15:35:00,0.2924999999999995
2018-04-26 15:40:00,0.2899999999999996
2018-04-26 15:45:00,0.2874999999999992
2018-04-26 15:50:00,0.2849999999999998
2018-04-26 15:55:00,0.2825000000004808
2018-04-26 16:00:00,0.2800249573431443
2018-04-26 16:05:00,0.2791666666671464
2018-04-26 16:10:00,0.2783333333333328
2018-04-26 16:15:00,0.2774999999999995
2018-04-26 16:20:00,0.2766666666666666
2018-04-26 16:25:00,0.2758333333333334
2018-04-26 16:30:00,0.2750000000000002
2018-04-26 16:35:00,0.27416666666666656
2018-04-26 16:40:00,0.2733333333333329
2018-04-26 16:45:00,0.2725000000000001
2018-04-26 16:50:00,0.2716666666666662
2018-04-26 16:55:00,0.2708333333333327
2018-04-26 17:00:00,0.2699999999999995
2018-04-26 17:05:00,0.2691666666666664
2018-04-26 17:10:00,0.2683333333333325
2018-04-26 17:15:00,0.2675000000000005
2018-04-26 17:20:00,0.26666666666666666
2018-04-26 17:25:00,0.2658333333333329
2018-04-26 17:30:00,0.265
2018-04-26 17:35:00,0.26416666666666644
2018-04-26 17:40:00,0.26333333333333303
2018-04-26 17:45:00,0.2624999999999995
2018-04-26 17:50:00,0.26166666666666644
2018-04-26 17:55:00,0.2608333333333338
2018-04-26 18:00:00,0.26000000000000034
2018-04-26 18:05:00,0.2591666666666665
2018-04-26 18:10:00,0.25833333333333314
2018-04-26 18:15:00,0.25750000000000023
2018-04-26 18:20:00,0.25666666666666665
2018-04-26 18:25:00,0.2558333333333335
2018-04-26 18:30:00,0.2549999999999996
2018-04-26 18:35:00,0.2541666666666657
2018-04-26 18:40:00,0.2533333333333335
2018-04-26 18:45:00,0.2525000000000001
2018-04-26 18:50:00,0.2516666666666669
2018-04-26 18:55:00,0.25083333333333313
2018-04-26 19:00:00,0.24999999999999944
2018-04-26 19:05:00,0.24916666666666695
2018-04-26 19:10:00,0.24833333333333416
2018-04-26 19:15:00,0.2474999999999989
2018-04-26 19:20:00,0.2466666666666661
2018-04-26 19:25:00,0.24583333333333424
2018-04-26 19:30:00,0.2450000000000009
2018-04-26 19:35:00,0.2441666666666655
2018-04-26 19:40:00,0.2433333333333333
2018-04-26 19:45:00,0.2425000000000012
2018-04-26 19:50:00,0.24166666666666664
2018-04-26 19:55:00,0.2408333333333325
2018-04-26 20:00:00,0.2400000000000003
2018-04-26 20:05:00,0.23916666666666786
2018-04-26 20:10:00,0.2383333333333325
2018-04-26 20:15:00,0.23749999999999905
2018-04-26 20:20:00,0.2366666666666668
2018-04-26 20:25:00,0.2358333333333343
2018-04-26 20:30:00,0.2349999999999991
2018-04-26 20:35:00,0.23416666666666594
2018-04-26 20:40:00,0.233333333333334
2018-04-26 20:45:00,0.2325000000000006
2018-04-26 20:50:00,0.23166666666666524
2018-04-26 20:55:00,0.2308333333333333
2018-04-26 21:00:00,0.230000000000001
2018-04-26 21:05:00,0.2291666666666668
2018-04-26 21:10:00,0.2283333333333324
2018-04-26 21:15:00,0.22750000000000015
2018-04-26 21:20:00,0.2266666666666676
2018-04-26 21:25:00,0.2258333333333328
2018-04-26 21:30:00,0.22499999999999912
2018-04-26 21:35:00,0.2241666666666673
2018-04-26 21:40:00,0.2233333333333346
2018-04-26 21:45:00,0.22249999999999856
2018-04-26 21:50:00,0.22166666666666576
2018-04-26 21:55:00,0.220833333333334
2018-04-26 22:00:00,0.22000000000000008
2018-04-26 22:05:00,0.21916666666666576
2018-04-26 22:10:00,0.2183333333333336
2018-04-26 22:15:00,0.21750000000000072
2018-04-26 22:20:00,0.21666666666666654
2018-04-26 22:25:00,0.2158333333333319
2018-04-26 22:30:00,0.21500000000000047
2018-04-26 22:35:00,0.21416666666666767
2018-04-26 22:40:00,0.21333333333333246
2018-04-26 22:45:00,0.2124999999999995
2018-04-26 22:50:00,0.21166666666666747
2018-04-26 22:55:00,0.2108333333333347
2018-04-26 23:00:00,0.209999999999999
2018-04-26 23:05:00,0.2091666666666663
2018-04-26 23:10:00,0.2083333333333341
2018-04-26 23:15:00,0.20750000000000046
2018-04-26 23:20:00,0.2066666666666659
2018-04-26 23:25:00,0.2058333333333336
2018-04-26 23:30:00,0.20500000000000165
2018-04-26 23:35:00,0.20416666666666672
2018-04-26 23:40:00,0.20333333333333253
2018-04-26 23:45:00,0.2025000000000006
2018-04-26 23:50:00,0.2016666666666678
2018-04-26 23:55:00,0.20083333333357248
2018-04-27 00:00:00,0.20001247867157204
2018-04-27 00:05:00,0.200000000000239
2018-04-27 00:10:00,0.19999999999999915
2018-04-27 00:15:00,0.1999999999999992
2018-04-27 00:20:00,0.1999999999999991
2018-04-27 00:25:00,0.19999999999999907
2018-04-27 00:30:00,0.19999999999999915
2018-04-27 00:35:00,0.1999999999999992
2018-04-27 00:40:00,0.1999999999999991
2018-04-27 00:45:00,0.19999999999999907
2018-04-27 00:50:00,0.19999999999999915
2018-04-27 00:55:00,0.1999999999999992
2018-04-27 01:00:00,0.1999999999999991
2018-04-27 01:05:00,0.19999999999999907
2018-04-27 01:10:00,0.19999999999999915
2018-04-27 01:15:00,0.1999999999999992
2018-04-27 01:20:00,0.1999999999999991
2018-04-27 01:25:00,0.19999999999999907
2018-04-27 01:30:00,0.19999999999999915
2018-04-27 01:35:00,0.1999999999999992
2018-04-27 01:40:00,0.1999999999999991
2018-04-27 01:45:00,0.19999999999999907
2018-04-27 01:50:00,0.19999999999999915
2018-04-27 01:55:00,0.1999999999999992
2018-04-27 02:00:00,0.1999999999999991
2018-04-27 02:05:00,0.19999999999999907
2018-04-27 02:10:00,0.19999999999999915
2018-04-27 02:15:00,0.1999999999999992
2018-04-27 02:20:00,0.1999999999999991
2018-04-27 02:25:00,0.19999999999999907
2018-04-27 02:30:00,0.19999999999999915
2018-04-27 02:35:00,0.1999999999999992
2018-04-27 02:40:00,0.1999999999999991
2018-04-27 02:45:00,0.19999999999999907
2018-04-27 02:50:00,0.19999999999999915
2018-04-27 02:55:00,0.1999999999999992
2018-04-27 03:00:00,0.1999999999999991
2018-04-27 03:05:00,0.19999999999999907
2018-04-27 03:10:00,0.19999999999999915
2018-04-27 03:15:00,0.1999999999999992
2018-04-27 03:20:00,0.1999999999999991
2018-04-27 03:25:00,0.19999999999999907
2018-04-27 03:30:00,0.19999999999999915
2018-04-27 03:35:00,0.1999999999999992
2018-04-27 03:40:00,0.1999999999999991
2018-04-27 03:45:00,0.19999999999999907
2018-04-27 03:50:00,0.19999999999999915
2018-04-27 03:55:00,0.1999999999999992
2018-04-27 04:00:00,0.1999999999999991
2018-04-27 04:05:00,0.19999999999999907
2018-04-27 04:10:00,0.19999999999999915
2018-04-27 04:15:00,0.1999999999999992
2018-04-27 04:20:00,0.1999999999999991
2018-04-27 04:25:00,0.19999999999999907
2018-04-27 04:30:00,0.19999999999999915
2018-04-27 04:35:00,0.1999999999999992
2018-04-27 04:40:00,0.1999999999999991
2018-04-27 04:45:00,0.19999999999999907
2018-04-27 04:50:00,0.19999999999999465
2018-04-27 04:55:00,0.20000001823508912
2018-04-27 05:00:00,1.1481294660673396
2018-04-27 05:05:00,63.516666684901715
2018-04-27 05:10:00,126.83333333333329
2018-04-27 05:15:00,190.1499999999997
2018-04-27 05:20:00,253.46666666666616
2018-04-27 05:25:00,316.78333333333296
2018-04-27 05:30:00,380.0999999999996
2018-04-27 05:35:00,443.41666666666674
2018-04-27 05:40:00,506.7333333333338
2018-04-27 05:45:00,570.0499999999988
2018-04-27 05:50:00,633.3666666666661
2018-04-27 05:55:00,696.683333296977
2018-04-27 06:00:00,758.1097308302208
2018-04-27 06:05:00,697.0833332969764
2018-04-27 06:10:00,634.1666666666644
2018-04-27 06:15:00,571.2499999999985
2018-04-27 06:20:00,508.3333333333316
2018-04-27 06:25:00,445.4166666666665
2018-04-27 06:30:00,382.4999999999993
2018-04-27 06:35:00,319.58333333333223
2018-04-27 06:40:00,256.6666666666662
2018-04-27 06:45:00,193.74999999999991
2018-04-27 06:50:00,130.83333333333306
2018-04-27 06:55:00,67.91666668467133
2018-04-27 07:00:00,5.936149941357867
2018-04-27 07:05:00,4.600000018004682
2018-04-27 07:10:00,4.199999999999991
2018-04-27 07:15:00,3.7999999999999887
2018-04-27 07:20:00,3.399999999999997
2018-04-27 07:25:00,2.9999999999999964
2018-04-27 07:30:00,2.6000000000000045
2018-04-27 07:35:00,2.1999999999999966
2018-04-27 07:40:00,1.7999999999999972
2018-04-27 07:45:00,1.3999999999999997
2018-04-27 07:50:00,0.9999999999999996
2018-04-27 07:55:00,0.6000000001151979
2018-04-27 08:00:00,0.205989762354728
2018-04-27 08:05:00,0.20000000011519897
2018-04-27 08:10:00,0.1999999999999988
2018-04-27 08:15:00,0.1999999999999988
2018-04-27 08:20:00,0.1999999999999989
2018-04-27 08:25:00,0.19999999999999887
2018-04-27 08:30:00,0.1999999999999988
2018-04-27 08:35:00,0.1999999999999988
2018-04-27 08:40:00,0.1999999999999989
2018-04-27 08:45:00,0.19999999999999887
2018-04-27 08:50:00,0.1999999999999988
2018-04-27 08:55:00,0.19999999999995108
2018-04-27 09:00:00,0.1999975042656848
2018-04-27 09:05:00,0.199833333333286
2018-04-27 09:10:00,0.1996666666666654
2018-04-27 09:15:00,0.19949999999999987
2018-04-27 09:20:00,0.1993333333333316
2018-04-27 09:25:00,0.19916666666666602
2018-04-27 09:30:00,0.1989999999999977
2018-04-27 09:35:00,0.19883333333333225
2018-04-27 09:40:00,0.19866666666666788
2018-04-27 09:45:00,0.1984999999999986
2018-04-27 09:50:00,0.19833333333333394
2018-04-27 09:55:00,0.19816666666666471
2018-04-27 10:00:00,0.19800000000000006
2018-04-27 10:05:00,0.19783333333333247
2018-04-27 10:10:00,0.19766666666666655
2018-04-27 10:15:00,0.1974999999999984
2018-04-27 10:20:00,0.19733333333333256
2018-04-27 10:25:00,0.19716666666666527
2018-04-27 10:30:00,0.19699999999999898
2018-04-27 10:35:00,0.19683333333333464
2018-04-27 10:40:00,0.19666666666666507
2018-04-27 10:45:00,0.19650000000000067
2018-04-27 10:50:00,0.19633333333333114
2018-04-27 10:55:00,0.19616666666657046
2018-04-27 11:00:00,0.19599500853137014
2018-04-27 11:05:00,0.19549999999990414
2018-04-27 11:10:00,0.19500000000000006
2018-04-27 11:15:00,0.19449999999999976
2018-04-27 11:20:00,0.19400000000000087
2018-04-27 11:25:00,0.1934999999999996
2018-04-27 11:30:00,0.19299999999999973
2018-04-27 11:35:00,0.19250000000000014
2018-04-27 11:40:00,0.192
2018-04-27 11:45:00,0.19150000000000064
2018-04-27 11:50:00,0.1909999999999997
2018-04-27 11:55:00,0.1904999999996638
2018-04-27 12:00:00,0.1899825298597991
2018-04-27 12:05:00,0.1883333333329973
2018-04-27 12:10:00,0.18666666666666729
2018-04-27 12:15:00,0.1849999999999993
2018-04-27 12:20:00,0.18333333333333374
2018-04-27 12:25:00,0.1816666666666657
2018-04-27 12:30:00,0.1800000000000008
2018-04-27 12:35:00,0.17833333333333248
2018-04-27 12:40:00,0.17666666666666686
2018-04-27 12:45:00,0.1749999999999996
2018-04-27 12:50:00,0.17333333333333334
2018-04-27 12:55:00,0.17166666666690658
2018-04-27 13:00:00,0.17001247867157251
2018-04-27 13:05:00,0.16916666666690588
2018-04-27 13:10:00,0.16833333333333364
2018-04-27 13:15:00,0.1675000000000013
2018-04-27 13:20:00,0.16666666666666646
2018-04-27 13:25:00,0.1658333333333328
2018-04-27 13:30:00,0.16500000000000056
2018-04-27 13:35:00,0.16416666666666815
2018-04-27 13:40:00,0.16333333333333222
2018-04-27 13:45:00,0.16249999999999915
2018-04-27 13:50:00,0.16166666666666712
2018-04-27 13:55:00,0.16083333333333416
2018-04-27 14:00:00,0.15999999999999873
2018-04-27 14:05:00,0.15916666666666618
2018-04-27 14:10:00,0.15833333333333402
2018-04-27 14:15:00,0.1574999999999999
2018-04-27 14:20:00,0.1566666666666657
2018-04-27 14:25:00,0.15583333333333374
2018-04-27 14:30:00,0.15500000000000047
2018-04-27 14:35:00,0.1541666666666661
2018-04-27 14:40:00,0.15333333333333235
2018-04-27 14:45:00,0.15250000000000066
2018-04-27 14:50:00,0.15166666666666698
2018-04-27 14:55:00,0.150833333333213
2018-04-27 15:00:00,0.14999376066421333
2018-04-27 15:05:00,0.14874999999987995
2018-04-27 15:10:00,0.1475000000000002
2018-04-27 15:15:00,0.14624999999999932
2018-04-27 15:20:00,0.14499999999999946
2018-04-27 15:25:00,0.14374999999999966
2018-04-27 15:30:00,0.14249999999999988
2018-04-27 15:35:00,0.14125000000000035
2018-04-27 15:40:00,0.1399999999999997
2018-04-27 15:45:00,0.13874999999999968
2018-04-27 15:50:00,0.13749999999999996
2018-04-27 15:55:00,0.1362499999997598
2018-04-27 16:00:00,0.13498752132842748
2018-04-27 16:05:00,0.13291666666642646
2018-04-27 16:10:00,0.13083333333333313
2018-04-27 16:15:00,0.12874999999999998
2018-04-27 16:20:00,0.12666666666666634
2018-04-27 16:25:00,0.1245833333333332
2018-04-27 16:30:00,0.1225
2018-04-27 16:35:00,0.12041666666666635
2018-04-27 16:40:00,0.11833333333333325
2018-04-27 16:45:00,0.11625000000000026
2018-04-27 16:50:00,0.11416666666666653
2018-04-27 16:55:00,0.11208333333364504
2018-04-27 17:00:00,0.11001622227304383
2018-04-27 17:05:00,0.1090000000003119
2018-04-27 17:10:00,0.1079999999999999
2018-04-27 17:15:00,0.10699999999999976
2018-04-27 17:20:00,0.10599999999999983
2018-04-27 17:25:00,0.10499999999999993
2018-04-27 17:30:00,0.1039999999999997
2018-04-27 17:35:00,0.10300000000000016
2018-04-27 17:40:00,0.10199999999999974
2018-04-27 17:45:00,0.10099999999999996
2018-04-27 17:50:00,0.09999999999999958
2018-04-27 17:55:00,0.09900000000021596
2018-04-27 18:00:00,0.09801123080441487
2018-04-27 18:05:00,0.09775000000021626
2018-04-27 18:10:00,0.09750000000000013
2018-04-27 18:15:00,0.09725
2018-04-27 18:20:00,0.0970000000000007
2018-04-27 18:25:00,0.09674999999999988
2018-04-27 18:30:00,0.09649999999999986
2018-04-27 18:35:00,0.09625000000000007
2018-04-27 18:40:00,0.096
2018-04-27 18:45:00,0.09575000000000024
2018-04-27 18:50:00,0.0955
2018-04-27 18:55:00,0.0952500000000478
2018-04-27 19:00:00,0.09500249573431424
2018-04-27 19:05:00,0.09491666666671483
2018-04-27 19:10:00,0.09483333333333273
2018-04-27 19:15:00,0.09475000000000043
2018-04-27 19:20:00,0.09466666666666576
2018-04-27 19:25:00,0.09458333333333356
2018-04-27 19:30:00,0.09449999999999917
2018-04-27 19:35:00,0.09441666666666663
2018-04-27 19:40:00,0.09433333333333248
2018-04-27 19:45:00,0.0942499999999998
2018-04-27 19:50:00,0.09416666666666572
2018-04-27 19:55:00,0.09408333333333292
2018-04-27 20:00:00,0.09400000000000072
2018-04-27 20:05:00,0.09391666666666608
2018-04-27 20:10:00,0.09383333333333367
2018-04-27 20:15:00,0.09374999999999907
2018-04-27 20:20:00,0.09366666666666686
2018-04-27 20:25:00,0.09358333333333284
2018-04-27 20:30:00,0.09349999999999993
2018-04-27 20:35:00,0.09341666666666586
2018-04-27 20:40:00,0.09333333333333306
2018-04-27 20:45:00,0.09324999999999896
2018-04-27 20:50:00,0.09316666666666623
2018-04-27 20:55:00,0.093083333333334
2018-04-27 21:00:00,0.0929999999999992
2018-04-27 21:05:00,0.0929166666666671
2018-04-27 21:10:00,0.09283333333333237
2018-04-27 21:15:00,0.09275000000000012
2018-04-27 21:20:00,0.09266666666666612
2018-04-27 21:25:00,0.09258333333333332
2018-04-27 21:30:00,0.09249999999999926
2018-04-27 21:35:00,0.09241666666666642
2018-04-27 21:40:00,0.09233333333333232
2018-04-27 21:45:00,0.09224999999999953
2018-04-27 21:50:00,0.09216666666666733
2018-04-27 21:55:00,0.0920833333333326
2018-04-27 22:00:00,0.0920000000000004
2018-04-27 22:05:00,0.09191666666666568
2018-04-27 22:10:00,0.09183333333333348
2018-04-27 22:15:00,0.09174999999999947
2018-04-27 22:20:00,0.09166666666666663
2018-04-27 22:25:00,0.09158333333333253
2018-04-27 22:30:00,0.09149999999999968
2018-04-27 22:35:00,0.09141666666666576
2018-04-27 22:40:00,0.0913333333333328
2018-04-27 22:45:00,0.09125000000000072
2018-04-27 22:50:00,0.0911666666666658
2018-04-27 22:55:00,0.09108333333333372
2018-04-27 23:00:00,0.09099999999999908
2018-04-27 23:05:00,0.09091666666666677
2018-04-27 23:10:00,0.09083333333333277
2018-04-27 23:15:00,0.09074999999999978
2018-04-27 23:20:00,0.09066666666666584
2018-04-27 23:25:00,0.09058333333333292
2018-04-27 23:30:00,0.09049999999999953
2018-04-27 23:35:00,0.0904166666666661
2018-04-27 23:40:00,0.09033333333333396
2018-04-27 23:45:00,0.09024999999999918
2018-04-27 23:50:00,0.09016666666666703
2018-04-27 23:55:00,0.09008333333330866
2018-04-28 00:00:00,0.08999875213284322
2018-04-28 00:05:00,0.0898333333333096
2018-04-28 00:10:00,0.08966666666666645
2018-04-28 00:15:00,0.08949999999999961
2018-04-28 00:20:00,0.08933333333333265
2018-04-28 00:25:00,0.08916666666666591
2018-04-28 00:30:00,0.08900000000000008
2018-04-28 00:35:00,0.08883333333333332
2018-04-28 00:40:00,0.08866666666666663
2018-04-28 00:45:00,0.08850000000000016
2018-04-28 00:50:00,0.08833333333333328
2018-04-28 00:55:00,0.0881666666666908
2018-04-28 01:00:00,0.08800124786715773
2018-04-28 01:05:00,0.08791666666669024
2018-04-28 01:10:00,0.08783333333333293
2018-04-28 01:15:00,0.08775000000000055
2018-04-28 01:20:00,0.08766666666666605
2018-04-28 01:25:00,0.08758333333333368
2018-04-28 01:30:00,0.08749999999999909
2018-04-28 01:35:00,0.08741666666666682
2018-04-28 01:40:00,0.08733333333333274
2018-04-28 01:45:00,0.0872500000000001
2018-04-28 01:50:00,0.08716666666666589
2018-04-28 01:55:00,0.08708333333333297
2018-04-28 02:00:00,0.08699999999999895
2018-04-28 02:05:00,0.08691666666666616
2018-04-28 02:10:00,0.08683333333333404
2018-04-28 02:15:00,0.08674999999999919
2018-04-28 02:20:00,0.08666666666666704
2018-04-28 02:25:00,0.08658333333333244
2018-04-28 02:30:00,0.08650000000000008
2018-04-28 02:35:00,0.08641666666666596
2018-04-28 02:40:00,0.08633333333333335
2018-04-28 02:45:00,0.08624999999999923
2018-04-28 02:50:00,0.08616666666666635
2018-04-28 02:55:00,0.08608333333333239
2018-04-28 03:00:00,0.08599999999999959
2018-04-28 03:05:00,0.0859166666666673
2018-04-28 03:10:00,0.08583333333333265
2018-04-28 03:15:00,0.08575000000000033
2018-04-28 03:20:00,0.08566666666666584
2018-04-28 03:25:00,0.08558333333333362
2018-04-28 03:30:00,0.08549999999999935
2018-04-28 03:35:00,0.08541666666666664
2018-04-28 03:40:00,0.08533333333333261
2018-04-28 03:45:00,0.08524999999999977
2018-04-28 03:50:00,0.08516666666666567
2018-04-28 03:55:00,0.08508333333335663
2018-04-28 04:00:00,0.08500124786715763
2018-04-28 04:05:00,0.08500000000002432
2018-04-28 04:10:00,0.08500000000000099
2018-04-28 04:15:00,0.08500000000000096
2018-04-28 04:20:00,0.08500000000000095
2018-04-28 04:25:00,0.08500000000000099
2018-04-28 04:30:00,0.08500000000000099
2018-04-28 04:35:00,0.08500000000000096
2018-04-28 04:40:00,0.08500000000000095
2018-04-28 04:45:00,0.08500000000000099
2018-04-28 04:50:00,0.08500000000000099
2018-04-28 04:55:00,0.08500000000000096
2018-04-28 05:00:00,0.08500000000000095
2018-04-28 05:05:00,0.08500000000000099
2018-04-28 05:10:00,0.08500000000000099
2018-04-28 05:15:00,0.08500000000000096
2018-04-28 05:20:00,0.08500000000000095
2018-04-28 05:25:00,0.08500000000000099
2018-04-28 05:30:00,0.08500000000000099
2018-04-28 05:35:00,0.08500000000000096
2018-04-28 05:40:00,0.08500000000000095
2018-04-28 05:45:00,0.08500000000000099
2018-04-28 05:50:00,0.08500000000000099
2018-04-28 05:55:00,0.08499999999992898
2018-04-28 06:00:00,0.08499625639852855
2018-04-28 06:05:00,0.08474999999992729
2018-04-28 06:10:00,0.08450000000000063
2018-04-28 06:15:00,0.08424999999999991
2018-04-28 06:20:00,0.08399999999999999
2018-04-28 06:25:00,0.0837500000000002
2018-04-28 06:30:00,0.08349999999999998
2018-04-28 06:35:00,0.08325000000000038
2018-04-28 06:40:00,0.08299999999999984
2018-04-28 06:45:00,0.08274999999999975
2018-04-28 06:50:00,0.08250000000000063
2018-04-28 06:55:00,0.08225000000002418
2018-04-28 07:00:00,0.08200124786715686
2018-04-28 07:05:00,0.08183333333335709
2018-04-28 07:10:00,0.0816666666666665
2018-04-28 07:15:00,0.08149999999999992
2018-04-28 07:20:00,0.08133333333333341
2018-04-28 07:25:00,0.08116666666666647
2018-04-28 07:30:00,0.08099999999999985
2018-04-28 07:35:00,0.08083333333333334
2018-04-28 07:40:00,0.08066666666666641
2018-04-28 07:45:00,0.08049999999999947
2018-04-28 07:50:00,0.08033333333333262
2018-04-28 07:55:00,0.08016666666671422
2018-04-28 08:00:00,0.08000249573431385
2018-04-28 08:05:00,0.08000000000004742
2018-04-28 08:10:00,0.07999999999999982
2018-04-28 08:15:00,0.07999999999999984
2018-04-28 08:20:00,0.07999999999999988
2018-04-28 08:25:00,0.07999999999999986
2018-04-28 08:30:00,0.07999999999999982
2018-04-28 08:35:00,0.07999999999999984
2018-04-28 08:40:00,0.07999999999999988
2018-04-28 08:45:00,0.07999999999999986
2018-04-28 08:50:00,0.07999999999999982
2018-04-28 08:55:00,0.07999999999999984
2018-04-28 09:00:00,0.07999999999999988
2018-04-28 09:05:00,0.07999999999999986
2018-04-28 09:10:00,0.07999999999999982
2018-04-28 09:15:00,0.07999999999999984
2018-04-28 09:20:00,0.07999999999999988
2018-04-28 09:25:00,0.07999999999999986
2018-04-28 09:30:00,0.07999999999999982
2018-04-28 09:35:00,0.07999999999999984
2018-04-28 09:40:00,0.07999999999999988
2018-04-28 09:45:00,0.07999999999999986
2018-04-28 09:50:00,0.07999999999999982
2018-04-28 09:55:00,0.07999999999999984
2018-04-28 10:00:00,0.07999999999999988
2018-04-28 10:05:00,0.07999999999999986
2018-04-28 10:10:00,0.07999999999999982
2018-04-28 10:15:00,0.07999999999999984
2018-04-28 10:20:00,0.07999999999999988
2018-04-28 10:25:00,0.07999999999999986
2018-04-28 10:30:00,0.07999999999999982
2018-04-28 10:35:00,0.07999999999999984
2018-04-28 10:40:00,0.07999999999999988
2018-04-28 10:45:00,0.07999999999999986
2018-04-28 10:50:00,0.07999999999999982
2018-04-28 10:55:00,0.07999999999999984
2018-04-28 11:00:00,0.07999999999999988
2018-04-28 11:05:00,0.07999999999999986
2018-04-28 11:10:00,0.07999999999999982
2018-04-28 11:15:00,0.07999999999999984
2018-04-28 11:20:00,0.07999999999999988
2018-04-28 11:25:00,0.07999999999999986
2018-04-28 11:30:00,0.07999999999999982
2018-04-28 11:35:00,0.07999999999999984
2018-04-28 11:40:00,0.07999999999999988
2018-04-28 11:45:00,0.07999999999999986
2018-04-28 11:50:00,0.07999999999999982
2018-04-28 11:55:00,0.07999999999999984
2018-04-28 12:00:00,0.07999999999999988
2018-04-28 12:05:00,0.07999999999999986
2018-04-28 12:10:00,0.07999999999999982
2018-04-28 12:15:00,0.07999999999999984
2018-04-28 12:20:00,0.07999999999999988
2018-04-28 12:25:00,0.07999999999999986
2018-04-28 12:30:00,0.07999999999999982
2018-04-28 12:35:00,0.07999999999999984
2018-04-28 12:40:00,0.07999999999999988
2018-04-28 12:45:00,0.07999999999999986
2018-04-28 12:50:00,0.07999999999999982
2018-04-28 12:55:00,0.07999999999999984
2018-04-28 13:00:00,0.07999999999999988
2018-04-28 13:05:00,0.07999999999999986
2018-04-28 13:10:00,0.07999999999999982
2018-04-28 13:15:00,0.07999999999999984
2018-04-28 13:20:00,0.07999999999999988
2018-04-28 13:25:00,0.07999999999999986
2018-04-28 13:30:00,0.07999999999999982
2018-04-28 13:35:00,0.07999999999999984
2018-04-28 13:40:00,0.07999999999999988
2018-04-28 13:45:00,0.07999999999999986
2018-04-28 13:50:00,0.07999999999999982
2018-04-28 13:55:00,0.07999999999999984
2018-04-28 14:00:00,0.07999999999999988
2018-04-28 14:05:00,0.07999999999999986
2018-04-28 14:10:00,0.07999999999999982
2018-04-28 14:15:00,0.07999999999999984
2018-04-28 14:20:00,0.07999999999999988
2018-04-28 14:25:00,0.07999999999999986
2018-04-28 14:30:00,0.07999999999999982
2018-04-28 14:35:00,0.07999999999999984
2018-04-28 14:40:00,0.07999999999999988
2018-04-28 14:45:00,0.07999999999999986
2018-04-28 14:50:00,0.07999999999999982
2018-04-28 14:55:00,0.07999999999999984
2018-04-28 15:00:00,0.07999999999999988
2018-04-28 15:05:00,0.07999999999999986
2018-04-28 15:10:00,0.07999999999999982
2018-04-28 15:15:00,0.07999999999999984
2018-04-28 15:20:00,0.07999999999999988
2018-04-28 15:25:00,0.07999999999999986
2018-04-28 15:30:00,0.07999999999999982
2018-04-28 15:35:00,0.07999999999999984
2018-04-28 15:40:00,0.07999999999999988
2018-04-28 15:45:00,0.07999999999999986
2018-04-28 15:50:00,0.07999999999999982
2018-04-28 15:55:00,0.07999999999999984
2018-04-28 16:00:00,0.07999999999999988
2018-04-28 16:05:00,0.07999999999999986
2018-04-28 16:10:00,0.07999999999999982
2018-04-28 16:15:00,0.07999999999999984
2018-04-28 16:20:00,0.07999999999999988
2018-04-28 16:25:00,0.07999999999999986
2018-04-28 16:30:00,0.07999999999999982
2018-04-28 16:35:00,0.07999999999999984
2018-04-28 16:40:00,0.07999999999999988
2018-04-28 16:45:00,0.07999999999999986
2018-04-28 16:50:00,0.07999999999999538
2018-04-28 16:55:00,0.0800000182379702
2018-04-28 17:00:00,1.0282792101262148
2018-04-28 17:05:00,63.40666668490459
2018-04-28 17:10:00,126.73333333333332
2018-04-28 17:15:00,190.06
2018-04-28 17:20:00,253.38666666666649
2018-04-28 17:25:00,316.7133333333329
2018-04-28 17:30:00,380.04000000000025
2018-04-28 17:35:00,443.3666666666665
2018-04-28 17:40:00,506.6933333333326
2018-04-28 17:45:00,570.0199999999994
2018-04-28 17:50:00,633.346666666665
2018-04-28 17:55:00,696.6733333150952
2018-04-28 18:00:00,759.051720789875
2018-04-28 18:05:00,759.9999999817658
2018-04-28 18:10:00,760.000000000004
2018-04-28 18:15:00,760.0000000000043
2018-04-28 18:20:00,760.0000000000044
2018-04-28 18:25:00,760.0000000000041
2018-04-28 18:30:00,760.000000000004
2018-04-28 18:35:00,760.0000000000043
2018-04-28 18:40:00,760.0000000000044
2018-04-28 18:45:00,760.0000000000041
2018-04-28 18:50:00,760.000000000004
2018-04-28 18:55:00,760.0000000000043
2018-04-28 19:00:00,760.0000000000044
2018-04-28 19:05:00,760.0000000000041
2018-04-28 19:10:00,760.000000000004
2018-04-28 19:15:00,760.0000000000043
2018-04-28 19:20:00,760.0000000000044
2018-04-28 19:25:00,760.0000000000041
2018-04-28 19:30:00,760.000000000004
2018-04-28 19:35:00,760.0000000000043
2018-04-28 19:40:00,760.0000000000044
2018-04-28 19:45:00,760.0000000000041
2018-04-28 19:50:00,760.000000000004
2018-04-28 19:55:00,760.0000000000043
2018-04-28 20:00:00,760.0000000000044
2018-04-28 20:05:00,760.0000000000041
2018-04-28 20:10:00,760.000000000004
2018-04-28 20:15:00,760.0000000000043
2018-04-28 20:20:00,760.0000000000044
2018-04-28 20:25:00,760.0000000000041
2018-04-28 20:30:00,760.000000000004
2018-04-28 20:35:00,760.0000000000043
2018-04-28 20:40:00,760.0000000000044
2018-04-28 20:45:00,760.0000000000041
2018-04-28 20:50:00,760.000000000004
2018-04-28 20:55:00,759.9999999818839
2018-04-28 21:00:00,759.0578602962878
2018-04-28 21:05:00,697.0833333152118
2018-04-28 21:10:00,634.1666666666663
2018-04-28 21:15:00,571.2499999999985
2018-04-28 21:20:00,508.3333333333316
2018-04-28 21:25:00,445.4166666666665
2018-04-28 21:30:00,382.4999999999993
2018-04-28 21:35:00,319.58333333333223
2018-04-28 21:40:00,256.6666666666662
2018-04-28 21:45:00,193.74999999999991
2018-04-28 21:50:00,130.83333333333306
2018-04-28 21:55:00,67.91666668468821
2018-04-28 22:00:00,5.937023448367921
2018-04-28 22:05:00,4.658333351354815
2018-04-28 22:10:00,4.316666666666655
2018-04-28 22:15:00,3.9749999999999934
2018-04-28 22:20:00,3.633333333333357
2018-04-28 22:25:00,3.291666666666679
2018-04-28 22:30:00,2.9499999999999966
2018-04-28 22:35:00,2.608333333333329
2018-04-28 22:40:00,2.2666666666666644
2018-04-28 22:45:00,1.9249999999999905
2018-04-28 22:50:00,1.5833333333333364
2018-04-28 22:55:00,1.2416666667602676
2018-04-28 23:00:00,0.9048666819132164
2018-04-28 23:05:00,0.8833333334269333
2018-04-28 23:10:00,0.8666666666666664
2018-04-28 23:15:00,0.8499999999999973
2018-04-28 23:20:00,0.8333333333333334
2018-04-28 23:25:00,0.816666666666663
2018-04-28 23:30:00,0.7999999999999989
2018-04-28 23:35:00,0.7833333333333331
2018-04-28 23:40:00,0.7666666666666669
2018-04-28 23:45:00,0.7499999999999982
2018-04-28 23:50:00,0.7333333333333333
2018-04-28 23:55:00,0.7166666666690648
2018-04-29 00:00:00,0.7001247867157222
2018-04-29 00:05:00,0.6916666666690671
2018-04-29 00:10:00,0.6833333333333326
2018-04-29 00:15:00,0.6749999999999984
2018-04-29 00:20:00,0.6666666666666652
2018-04-29 00:25:00,0.658333333333331
2018-04-29 00:30:00,0.6499999999999985
2018-04-29 00:35:00,0.6416666666666656
2018-04-29 00:40:00,0.633333333333333
2018-04-29 00:45:00,0.6249999999999988
2018-04-29 00:50:00,0.6166666666666673
2018-04-29 00:55:00,0.608333333334533
2018-04-29 01:00:00,0.6000623933578615
2018-04-29 01:05:00,0.5958333333345337
2018-04-29 01:10:00,0.5916666666666643
2018-04-29 01:15:00,0.5874999999999987
2018-04-29 01:20:00,0.5833333333333323
2018-04-29 01:25:00,0.5791666666666678
2018-04-29 01:30:00,0.5749999999999982
2018-04-29 01:35:00,0.5708333333333309
2018-04-29 01:40:00,0.5666666666666684
2018-04-29 01:45:00,0.5624999999999968
2018-04-29 01:50:00,0.5583333333333323
2018-04-29 01:55:00,0.5541666666666653
2018-04-29 02:00:00,0.5499999999999989
2018-04-29 02:05:00,0.545833333333333
2018-04-29 02:10:00,0.5416666666666663
2018-04-29 02:15:00,0.5374999999999998
2018-04-29 02:20:00,0.5333333333333327
2018-04-29 02:25:00,0.5291666666666675
2018-04-29 02:30:00,0.5249999999999997
2018-04-29 02:35:00,0.5208333333333337
2018-04-29 02:40:00,0.5166666666666667
2018-04-29 02:45:00,0.5125000000000001
2018-04-29 02:50:00,0.5083333333333327
2018-04-29 02:55:00,0.5041666666666663
2018-04-29 03:00:00,0.5
2018-04-29 03:05:00,0.4958333333333325
2018-04-29 03:10:00,0.491666666666665
2018-04-29 03:15:00,0.4874999999999993
2018-04-29 03:20:00,0.4833333333333335
2018-04-29 03:25:00,0.4791666666666666
2018-04-29 03:30:00,0.4749999999999998
2018-04-29 03:35:00,0.4708333333333329
2018-04-29 03:40:00,0.4666666666666655
2018-04-29 03:45:00,0.4625
2018-04-29 03:50:00,0.4583333333333327
2018-04-29 03:55:00,0.4541666666666668
2018-04-29 04:00:00,0.44999999999999934
2018-04-29 04:05:00,0.44583333333333297
2018-04-29 04:10:00,0.4416666666666659
2018-04-29 04:15:00,0.4374999999999988
2018-04-29 04:20:00,0.4333333333333329
2018-04-29 04:25:00,0.4291666666666666
2018-04-29 04:30:00,0.4249999999999993
2018-04-29 04:35:00,0.42083333333333256
2018-04-29 04:40:00,0.4166666666666669
2018-04-29 04:45:00,0.4124999999999993
2018-04-29 04:50:00,0.4083333333333332
2018-04-29 04:55:00,0.4041666666666664
2018-04-29 05:00:00,0.4
2018-04-29 05:05:00,0.3958333333333326
2018-04-29 05:10:00,0.3916666666666663
2018-04-29 05:15:00,0.3875000000000003
2018-04-29 05:20:00,0.38333333333333297
2018-04-29 05:25:00,0.37916666666666665
2018-04-29 05:30:00,0.3749999999999993
2018-04-29 05:35:00,0.3708333333333328
2018-04-29 05:40:00,0.3666666666666665
2018-04-29 05:45:00,0.3624999999999996
2018-04-29 05:50:00,0.3583333333333333
2018-04-29 05:55:00,0.35416666666738666
2018-04-29 06:00:00,0.35003743601471565
2018-04-29 06:05:00,0.3483333333340544
2018-04-29 06:10:00,0.3466666666666681
2018-04-29 06:15:00,0.3449999999999973
2018-04-29 06:20:00,0.34333333333333355
2018-04-29 06:25:00,0.3416666666666691
2018-04-29 06:30:00,0.34000000000000186
2018-04-29 06:35:00,0.33833333333333143
2018-04-29 06:40:00,0.3366666666666673
2018-04-29 06:45:00,0.3350000000000026
2018-04-29 06:50:00,0.3333333333333329
2018-04-29 06:55:00,0.3316666666666656
2018-04-29 07:00:00,0.3300000000000011
2018-04-29 07:05:00,0.3283333333333363
2018-04-29 07:10:00,0.32666666666666444
2018-04-29 07:15:00,0.3249999999999983
2018-04-29 07:20:00,0.32333333333333425
2018-04-29 07:25:00,0.3216666666666683
2018-04-29 07:30:00,0.31999999999999745
2018-04-29 07:35:00,0.3183333333333324
2018-04-29 07:40:00,0.31666666666666765
2018-04-29 07:45:00,0.31500000000000106
2018-04-29 07:50:00,0.31333333333333185
2018-04-29 07:55:00,0.3116666666664271
2018-04-29 08:00:00,0.30998752132842894
2018-04-29 08:05:00,0.3074999999997595
2018-04-29 08:10:00,0.3049999999999991
2018-04-29 08:15:00,0.3024999999999992
2018-04-29 08:20:00,0.2999999999999991
2018-04-29 08:25:00,0.2974999999999991
2018-04-29 08:30:00,0.29499999999999976
2018-04-29 08:35:00,0.2924999999999995
2018-04-29 08:40:00,0.2899999999999996
2018-04-29 08:45:00,0.2874999999999992
2018-04-29 08:50:00,0.2849999999999998
2018-04-29 08:55:00,0.2825000000004808
2018-04-29 09:00:00,0.2800249573431443
2018-04-29 09:05:00,0.2791666666671464
2018-04-29 09:10:00,0.2783333333333328
2018-04-29 09:15:00,0.2774999999999995
2018-04-29 09:20:00,0.2766666666666666
2018-04-29 09:25:00,0.2758333333333334
2018-04-29 09:30:00,0.2750000000000002
2018-04-29 09:35:00,0.27416666666666656
2018-04-29 09:40:00,0.2733333333333329
2018-04-29 09:45:00,0.2725000000000001
2018-04-29 09:50:00,0.2716666666666662
2018-04-29 09:55:00,0.27083333333309323
2018-04-29 10:00:00,0.2699875213284268
2018-04-29 10:05:00,0.2683333333330927
2018-04-29 10:10:00,0.26666666666666744
2018-04-29 10:15:00,0.26499999999999885
2018-04-29 10:20:00,0.26333333333333153
2018-04-29 10:25:00,0.2616666666666666
2018-04-29 10:30:00,0.26000000000000123
2018-04-29 10:35:00,0.2583333333333323
2018-04-29 10:40:00,0.2566666666666648
2018-04-29 10:45:00,0.2550000000000004
2018-04-29 10:50:00,0.2533333333333345
2018-04-29 10:55:00,0.2516666666669046
2018-04-29 11:00:00,0.2500124786715721
2018-04-29 11:05:00,0.2491666666669064
2018-04-29 11:10:00,0.2483333333333346
2018-04-29 11:15:00,0.2474999999999986
2018-04-29 11:20:00,0.246666666666666
2018-04-29 11:25:00,0.24583333333333424
2018-04-29 11:30:00,0.2450000000000009
2018-04-29 11:35:00,0.2441666666666655
2018-04-29 11:40:00,0.2433333333333333
2018-04-29 11:45:00,0.2425000000000012
2018-04-29 11:50:00,0.24166666666666664
2018-04-29 11:55:00,0.2408333333333325
2018-04-29 12:00:00,0.2400000000000003
2018-04-29 12:05:00,0.23916666666666786
2018-04-29 12:10:00,0.2383333333333325
2018-04-29 12:15:00,0.23749999999999905
2018-04-29 12:20:00,0.2366666666666668
2018-04-29 12:25:00,0.2358333333333343
2018-04-29 12:30:00,0.2349999999999991
2018-04-29 12:35:00,0.23416666666666594
2018-04-29 12:40:00,0.233333333333334
2018-04-29 12:45:00,0.2325000000000006
2018-04-29 12:50:00,0.23166666666666524
2018-04-29 12:55:00,0.2308333333333333
2018-04-29 13:00:00,0.230000000000001
2018-04-29 13:05:00,0.2291666666666668
2018-04-29 13:10:00,0.2283333333333324
2018-04-29 13:15:00,0.22750000000000015
2018-04-29 13:20:00,0.2266666666666676
2018-04-29 13:25:00,0.2258333333333328
2018-04-29 13:30:00,0.22499999999999912
2018-04-29 13:35:00,0.2241666666666673
2018-04-29 13:40:00,0.2233333333333346
2018-04-29 13:45:00,0.22249999999999856
2018-04-29 13:50:00,0.22166666666666576
2018-04-29 13:55:00,0.220833333333334
2018-04-29 14:00:00,0.22000000000000008
2018-04-29 14:05:00,0.21916666666666576
2018-04-29 14:10:00,0.2183333333333336
2018-04-29 14:15:00,0.21750000000000072
2018-04-29 14:20:00,0.21666666666666654
2018-04-29 14:25:00,0.2158333333333319
2018-04-29 14:30:00,0.21500000000000047
2018-04-29 14:35:00,0.21416666666666767
2018-04-29 14:40:00,0.21333333333333246
2018-04-29 14:45:00,0.2124999999999995
2018-04-29 14:50:00,0.21166666666666747
2018-04-29 14:55:00,0.2108333333333347
2018-04-29 15:00:00,0.209999999999999
2018-04-29 15:05:00,0.2091666666666663
2018-04-29 15:10:00,0.2083333333333341
2018-04-29 15:15:00,0.20750000000000046
2018-04-29 15:20:00,0.2066666666666659
2018-04-29 15:25:00,0.2058333333333336
2018-04-29 15:30:00,0.20500000000000165
2018-04-29 15:35:00,0.20416666666666672
2018-04-29 15:40:00,0.20333333333333253
2018-04-29 15:45:00,0.2025000000000006
2018-04-29 15:50:00,0.2016666666666678
2018-04-29 15:55:00,0.20083333333333245
2018-04-29 16:00:00,0.19999999999999912
2018-04-29 16:05:00,0.19916666666666716
2018-04-29 16:10:00,0.19833333333333464
2018-04-29 16:15:00,0.19749999999999826
2018-04-29 16:20:00,0.19666666666666605
2018-04-29 16:25:00,0.19583333333333405
2018-04-29 16:30:00,0.1950000000000004
2018-04-29 16:35:00,0.19416666666666524
2018-04-29 16:40:00,0.19333333333333305
2018-04-29 16:45:00,0.19250000000000134
2018-04-29 16:50:00,0.19166666666666654
2018-04-29 16:55:00,0.19083333333333255
2018-04-29 17:00:00,0.19000000000000064
2018-04-29 17:05:00,0.18916666666666848
2018-04-29 17:10:00,0.18833333333333235
2018-04-29 17:15:00,0.1874999999999992
2018-04-29 17:20:00,0.18666666666666748
2018-04-29 17:25:00,0.1858333333333346
2018-04-29 17:30:00,0.18499999999999886
2018-04-29 17:35:00,0.1841666666666664
2018-04-29 17:40:00,0.18333333333333424
2018-04-29 17:45:00,0.18250000000000066
2018-04-29 17:50:00,0.18166666666666587
2018-04-29 17:55:00,0.18083333333333365
2018-04-29 18:00:00,0.1800000000000009
2018-04-29 18:05:00,0.17916666666666636
2018-04-29 18:10:00,0.17833333333333262
2018-04-29 18:15:00,0.17750000000000024
2018-04-29 18:20:00,0.17666666666666797
2018-04-29 18:25:00,0.17583333333333254
2018-04-29 18:30:00,0.17499999999999935
2018-04-29 18:35:00,0.17416666666666722
2018-04-29 18:40:00,0.1733333333333341
2018-04-29 18:45:00,0.17249999999999902
2018-04-29 18:50:00,0.17166666666666627
2018-04-29 18:55:00,0.17083333333333425
2018-04-29 19:00:00,0.17000000000000012
2018-04-29 19:05:00,0.16916666666666574
2018-04-29 19:10:00,0.16833333333333364
2018-04-29 19:15:00,0.1675000000000013
2018-04-29 19:20:00,0.16666666666666646
2018-04-29 19:25:00,0.1658333333333328
2018-04-29 19:30:00,0.16500000000000056
2018-04-29 19:35:00,0.16416666666666815
2018-04-29 19:40:00,0.16333333333333222
2018-04-29 19:45:00,0.16249999999999915
2018-04-29 19:50:00,0.16166666666666712
2018-04-29 19:55:00,0.16083333333333416
2018-04-29 20:00:00,0.15999999999999873
2018-04-29 20:05:00,0.15916666666666618
2018-04-29 20:10:00,0.15833333333333402
2018-04-29 20:15:00,0.1574999999999999
2018-04-29 20:20:00,0.1566666666666657
2018-04-29 20:25:00,0.15583333333333374
2018-04-29 20:30:00,0.15500000000000047
2018-04-29 20:35:00,0.1541666666666661
2018-04-29 20:40:00,0.15333333333333235
2018-04-29 20:45:00,0.15250000000000066
2018-04-29 20:50:00,0.15166666666666698
2018-04-29 20:55:00,0.15083333333333254
2018-04-29 21:00:00,0.14999999999999988
2018-04-29 21:05:00,0.14916666666666714
2018-04-29 21:10:00,0.14833333333333426
2018-04-29 21:15:00,0.14749999999999927
2018-04-29 21:20:00,0.14666666666666653
2018-04-29 21:25:00,0.14583333333333412
2018-04-29 21:30:00,0.1449999999999995
2018-04-29 21:35:00,0.14416666666666578
2018-04-29 21:40:00,0.14333333333333365
2018-04-29 21:45:00,0.14250000000000054
2018-04-29 21:50:00,0.14166666666666594
2018-04-29 21:55:00,0.14083333333333262
2018-04-29 22:00:00,0.14000000000000046
2018-04-29 22:05:00,0.13916666666666724
2018-04-29 22:10:00,0.13833333333333234
2018-04-29 22:15:00,0.1374999999999995
2018-04-29 22:20:00,0.13666666666666766
2018-04-29 22:25:00,0.13583333333333364
2018-04-29 22:30:00,0.13499999999999854
2018-04-29 22:35:00,0.13416666666666713
2018-04-29 22:40:00,0.13333333333333372
2018-04-29 22:45:00,0.13249999999999942
2018-04-29 22:50:00,0.13166666666666574
2018-04-29 22:55:00,0.1308333333333333
2018-04-29 23:00:00,0.13000000000000062
2018-04-29 23:05:00,0.12916666666666615
2018-04-29 23:10:00,0.12833333333333238
2018-04-29 23:15:00,0.1275000000000002
2018-04-29 23:20:00,0.1266666666666669
2018-04-29 23:25:00,0.1258333333333324
2018-04-29 23:30:00,0.12499999999999994
2018-04-29 23:35:00,0.12416666666666668
2018-04-29 23:40:00,0.12333333333333305
2018-04-29 23:45:00,0.12250000000000028
2018-04-29 23:50:00,0.1216666666666665
2018-04-29 23:55:00,0.12083333333333345
2018-04-30 00:00:00,0.12000000000000018
2018-04-30 00:05:00,0.11916666666666652
2018-04-30 00:10:00,0.11833333333333355
2018-04-30 00:15:00,0.11749999999999962
2018-04-30 00:20:00,0.116666666666667
2018-04-30 00:25:00,0.11583333333333296
2018-04-30 00:30:00,0.1150000000000004
2018-04-30 00:35:00,0.11416666666666628
2018-04-30 00:40:00,0.11333333333333345
2018-04-30 00:45:00,0.11249999999999973
2018-04-30 00:50:00,0.1116666666666668
2018-04-30 00:55:00,0.11083333333345316
2018-04-30 01:00:00,0.11000623933578632
2018-04-30 01:05:00,0.10958333333345308
2018-04-30 01:10:00,0.10916666666666668
2018-04-30 01:15:00,0.10875000000000053
2018-04-30 01:20:00,0.10833333333333313
2018-04-30 01:25:00,0.10791666666666597
2018-04-30 01:30:00,0.10750000000000023
2018-04-30 01:35:00,0.10708333333333384
2018-04-30 01:40:00,0.10666666666666623
2018-04-30 01:45:00,0.10624999999999976
2018-04-30 01:50:00,0.10583333333333374
2018-04-30 01:55:00,0.10541666666666737
2018-04-30 02:00:00,0.1049999999999995
2018-04-30 02:05:00,0.10458333333333317
2018-04-30 02:10:00,0.10416666666666703
2018-04-30 02:15:00,0.10375000000000023
2018-04-30 02:20:00,0.10333333333333294
2018-04-30 02:25:00,0.10291666666666678
2018-04-30 02:30:00,0.10250000000000084
2018-04-30 02:35:00,0.10208333333333336
2018-04-30 02:40:00,0.101666666666666
2018-04-30 02:45:00,0.1012500000000001
2018-04-30 02:50:00,0.10083333333333416
2018-04-30 02:55:00,0.10041666666676258
2018-04-30 03:00:00,0.10000499146862844
2018-04-30 03:05:00,0.09991666666676297
2018-04-30 03:10:00,0.09983333333333284
2018-04-30 03:15:00,0.09974999999999994
2018-04-30 03:20:00,0.0996666666666658
2018-04-30 03:25:00,0.09958333333333301
2018-04-30 03:30:00,0.09949999999999884
2018-04-30 03:35:00,0.09941666666666613
2018-04-30 03:40:00,0.09933333333333394
2018-04-30 03:45:00,0.0992499999999993
2018-04-30 03:50:00,0.09916666666666696
2018-04-30 03:55:00,0.09908333333333236
2018-04-30 04:00:00,0.09900000000000006
2018-04-30 04:05:00,0.09891666666666624
2018-04-30 04:10:00,0.09883333333333327
2018-04-30 04:15:00,0.0987499999999992
2018-04-30 04:20:00,0.09866666666666628
2018-04-30 04:25:00,0.09858333333333263
2018-04-30 04:30:00,0.0984999999999995
2018-04-30 04:35:00,0.09841666666666732
2018-04-30 04:40:00,0.09833333333333254
2018-04-30 04:45:00,0.09825000000000034
2018-04-30 04:50:00,0.09816666666666556
2018-04-30 04:55:00,0.09808333333335732
2018-04-30 05:00:00,0.09800124786715712
2018-04-30 05:05:00,0.09800000000002387
2018-04-30 05:10:00,0.09799999999999917
2018-04-30 05:15:00,0.0979999999999992
2018-04-30 05:20:00,0.09799999999999916
2018-04-30 05:25:00,0.09799999999999914
2018-04-30 05:30:00,0.09799999999999917
2018-04-30 05:35:00,0.0979999999999992
2018-04-30 05:40:00,0.09799999999999916
2018-04-30 05:45:00,0.09799999999999914
2018-04-30 05:50:00,0.09799999999999917
2018-04-30 05:55:00,0.09799999999997518
2018-04-30 06:00:00,0.09799875213284233
2018-04-30 06:05:00,0.09791666666664284
2018-04-30 06:10:00,0.09783333333333236
2018-04-30 06:15:00,0.09774999999999956
2018-04-30 06:20:00,0.09766666666666636
2018-04-30 06:25:00,0.09758333333333284
2018-04-30 06:30:00,0.09750000000000066
2018-04-30 06:35:00,0.09741666666666587
2018-04-30 06:40:00,0.0973333333333336
2018-04-30 06:45:00,0.0972499999999988
2018-04-30 06:50:00,0.09716666666666683
2018-04-30 06:55:00,0.0970833333333565
2018-04-30 07:00:00,0.09700124786715744
2018-04-30 07:05:00,0.09700000000002412
2018-04-30 07:10:00,0.09700000000000032
2018-04-30 07:15:00,0.09700000000000028
2018-04-30 07:20:00,0.09700000000000028
2018-04-30 07:25:00,0.09700000000000032
2018-04-30 07:30:00,0.09700000000000032
2018-04-30 07:35:00,0.09700000000000028
2018-04-30 07:40:00,0.09700000000000028
2018-04-30 07:45:00,0.09700000000000032
2018-04-30 07:50:00,0.09700000000000032
2018-04-30 07:55:00,0.09700000000000028
2018-04-30 08:00:00,0.09700000000000028
2018-04-30 08:05:00,0.09700000000000032
2018-04-30 08:10:00,0.09700000000000032
2018-04-30 08:15:00,0.09700000000000028
2018-04-30 08:20:00,0.09700000000000028
2018-04-30 08:25:00,0.09700000000000032
2018-04-30 08:30:00,0.09700000000000032
2018-04-30 08:35:00,0.09700000000000028
2018-04-30 08:40:00,0.09700000000000028
2018-04-30 08:45:00,0.09700000000000032
2018-04-30 08:50:00,0.09700000000000032
2018-04-30 08:55:00,0.09699999999997623
2018-04-30 09:00:00,0.09699875213284292
2018-04-30 09:05:00,0.0969166666666421
2018-04-30 09:10:00,0.09683333333333287
2018-04-30 09:15:00,0.09674999999999953
2018-04-30 09:20:00,0.0966666666666659
2018-04-30 09:25:00,0.09658333333333396
2018-04-30 09:30:00,0.09649999999999916
2018-04-30 09:35:00,0.09641666666666697
2018-04-30 09:40:00,0.09633333333333244
2018-04-30 09:45:00,0.09625000000000003
2018-04-30 09:50:00,0.09616666666666597
2018-04-30 09:55:00,0.09608333333335706
2018-04-30 10:00:00,0.09600124786715647
2018-04-30 10:05:00,0.09600000000002344
2018-04-30 10:10:00,0.0959999999999988
2018-04-30 10:15:00,0.0959999999999988
2018-04-30 10:20:00,0.09599999999999877
2018-04-30 10:25:00,0.09599999999999877
2018-04-30 10:30:00,0.0959999999999988
2018-04-30 10:35:00,0.0959999999999988
2018-04-30 10:40:00,0.09599999999999877
2018-04-30 10:45:00,0.09599999999999877
2018-04-30 10:50:00,0.0959999999999988
2018-04-30 10:55:00,0.095999999999855
2018-04-30 11:00:00,0.09599251279705588
2018-04-30 11:05:00,0.09549999999985634
2018-04-30 11:10:00,0.09499999999999972
2018-04-30 11:15:00,0.09449999999999904
2018-04-30 11:20:00,0.09400000000000018
2018-04-30 11:25:00,0.09350000000000012
2018-04-30 11:30:00,0.09299999999999936
2018-04-30 11:35:00,0.09249999999999962
2018-04-30 11:40:00,0.09200000000000047
2018-04-30 11:45:00,0.09149999999999983
2018-04-30 11:50:00,0.09099999999999904
2018-04-30 11:55:00,0.09049999999997632
2018-04-30 12:00:00,0.08999875213284286
2018-04-30 12:05:00,0.08941666666664264
2018-04-30 12:10:00,0.08883333333333322
2018-04-30 12:15:00,0.08824999999999993
2018-04-30 12:20:00,0.08766666666666624
2018-04-30 12:25:00,0.08708333333333301
2018-04-30 12:30:00,0.08650000000000023
2018-04-30 12:35:00,0.08591666666666678
2018-04-30 12:40:00,0.0853333333333333
2018-04-30 12:45:00,0.0847499999999995
2018-04-30 12:50:00,0.08416666666666618
2018-04-30 12:55:00,0.08358333333342921
2018-04-30 13:00:00,0.08300499146862922
2018-04-30 13:05:00,0.08275000000009547
2018-04-30 13:10:00,0.08250000000000057
2018-04-30 13:15:00,0.08225000000000006
2018-04-30 13:20:00,0.08200000000000017
2018-04-30 13:25:00,0.08175000000000078
2018-04-30 13:30:00,0.08149999999999984
2018-04-30 13:35:00,0.0812499999999999
2018-04-30 13:40:00,0.08100000000000036
2018-04-30 13:45:00,0.08074999999999989
2018-04-30 13:50:00,0.08050000000000028
2018-04-30 13:55:00,0.08025000000002397
2018-04-30 14:00:00,0.08000124786715666
2018-04-30 14:05:00,0.0798333333333569
2018-04-30 14:10:00,0.07966666666666683
2018-04-30 14:15:00,0.07950000000000007
2018-04-30 14:20:00,0.07933333333333331
2018-04-30 14:25:00,0.07916666666666647
2018-04-30 14:30:00,0.07899999999999963
2018-04-30 14:35:00,0.07883333333333305
2018-04-30 14:40:00,0.07866666666666575
2018-04-30 14:45:00,0.07849999999999968
2018-04-30 14:50:00,0.07833333333333327
2018-04-30 14:55:00,0.07816666666666655
2018-04-30 15:00:00,0.07800000000000007
2018-04-30 15:05:00,0.07783333333333335
2018-04-30 15:10:00,0.07766666666666693
2018-04-30 15:15:00,0.0775000000000001
2018-04-30 15:20:00,0.07733333333333328
2018-04-30 15:25:00,0.07716666666666669
2018-04-30 15:30:00,0.07699999999999975
2018-04-30 15:35:00,0.07683333333333298
2018-04-30 15:40:00,0.0766666666666663
2018-04-30 15:45:00,0.07649999999999978
2018-04-30 15:50:00,0.0763333333333332
2018-04-30 15:55:00,0.0761666666666907
2018-04-30 16:00:00,0.07600124786715745
2018-04-30 16:05:00,0.0759166666666905
2018-04-30 16:10:00,0.07583333333333356
2018-04-30 16:15:00,0.07574999999999958
2018-04-30 16:20:00,0.07566666666666667
2018-04-30 16:25:00,0.07558333333333297
2018-04-30 16:30:00,0.07549999999999991
2018-04-30 16:35:00,0.07541666666666658
2018-04-30 16:40:00,0.0753333333333334
2018-04-30 16:45:00,0.07525000000000014
2018-04-30 16:50:00,0.07516666666666638
2018-04-30 16:55:00,0.07508333333335741
2018-04-30 17:00:00,0.0750012478671571
2018-04-30 17:05:00,0.07500000000002388
2018-04-30 17:10:00,0.07499999999999983
2018-04-30 17:15:00,0.07499999999999983
2018-04-30 17:20:00,0.07499999999999983
2018-04-30 17:25:00,0.07499999999999983
2018-04-30 17:30:00,0.07499999999999983
2018-04-30 17:35:00,0.07499999999999983
2018-04-30 17:40:00,0.07499999999999983
2018-04-30 17:45:00,0.07499999999999983
2018-04-30 17:50:00,0.07499999999999983
2018-04-30 17:55:00,0.07499999999999983
2018-04-30 18:00:00,0.07499999999999983
2018-04-30 18:05:00,0.07499999999999983
2018-04-30 18:10:00,0.07499999999999983
2018-04-30 18:15:00,0.07499999999999983
2018-04-30 18:20:00,0.07499999999999983
2018-04-30 18:25:00,0.07499999999999983
2018-04-30 18:30:00,0.07499999999999983
2018-04-30 18:35:00,0.07499999999999983
2018-04-30 18:40:00,0.07499999999999983
2018-04-30 18:45:00,0.07499999999999983
2018-04-30 18:50:00,0.07499999999999983
2018-04-30 18:55:00,0.07499999999999983
2018-04-30 19:00:00,0.07499999999999983
2018-04-30 19:05:00,0.07499999999999983
2018-04-30 19:10:00,0.07499999999999983
2018-04-30 19:15:00,0.07499999999999983
2018-04-30 19:20:00,0.07499999999999983
2018-04-30 19:25:00,0.07499999999999983
2018-04-30 19:30:00,0.07499999999999983
2018-04-30 19:35:00,0.07499999999999983
2018-04-30 19:40:00,0.07499999999999983
2018-04-30 19:45:00,0.07499999999999983
2018-04-30 19:50:00,0.07499999999999983
2018-04-30 19:55:00,0.07499999999999983
2018-04-30 20:00:00,0.07499999999999983
2018-04-30 20:05:00,0.07499999999999983
2018-04-30 20:10:00,0.07499999999999983
2018-04-30 20:15:00,0.07499999999999983
2018-04-30 20:20:00,0.07499999999999983
2018-04-30 20:25:00,0.07499999999999983
2018-04-30 20:30:00,0.07499999999999983
2018-04-30 20:35:00,0.07499999999999983
2018-04-30 20:40:00,0.07499999999999983
2018-04-30 20:45:00,0.07499999999999983
2018-04-30 20:50:00,0.07499999999999983
2018-04-30 20:55:00,0.07499999999999983
2018-04-30 21:00:00,0.07499999999999983
2018-04-30 21:05:00,0.07499999999999983
2018-04-30 21:10:00,0.07499999999999983
2018-04-30 21:15:00,0.07499999999999983
2018-04-30 21:20:00,0.07499999999999983
2018-04-30 21:25:00,0.07499999999999983
2018-04-30 21:30:00,0.07499999999999983
2018-04-30 21:35:00,0.07499999999999983
2018-04-30 21:40:00,0.07499999999999983
2018-04-30 21:45:00,0.07499999999999983
2018-04-30 21:50:00,0.07499999999999983
2018-04-30 21:55:00,0.07499999999999983
2018-04-30 22:00:00,0.07499999999999983
2018-04-30 22:05:00,0.07499999999999983
2018-04-30 22:10:00,0.07499999999999983
2018-04-30 22:15:00,0.07499999999999983
2018-04-30 22:20:00,0.07499999999999983
2018-04-30 22:25:00,0.07499999999999983
2018-04-30 22:30:00,0.07499999999999983
2018-04-30 22:35:00,0.07499999999999983
2018-04-30 22:40:00,0.07499999999999983
2018-04-30 22:45:00,0.07499999999999983
2018-04-30 22:50:00,0.07499999999999983
2018-04-30 22:55:00,0.07499999999999983
2018-04-30 23:00:00,0.07499999999999983
2018-04-30 23:05:00,0.07499999999999983
2018-04-30 23:10:00,0.07499999999999983
2018-04-30 23:15:00,0.07499999999999983
2018-04-30 23:20:00,0.07499999999999983
2018-04-30 23:25:00,0.07499999999999983
2018-04-30 23:30:00,0.07499999999999983
2018-04-30 23:35:00,0.07499999999999983
2018-04-30 23:40:00,0.07499999999999983
2018-04-30 23:45:00,0.07499999999999983
2018-04-30 23:50:00,0.07499999999999983
2018-04-30 23:55:00,0.07499999999999983
2018-05-01 00:00:00,0.07499999999999983
2018-05-01 00:05:00,0.07499999999999983
2018-05-01 00:10:00,0.07499999999999983
2018-05-01 00:15:00,0.07499999999999983
2018-05-01 00:20:00,0.07499999999999983
2018-05-01 00:25:00,0.07499999999999983
2018-05-01 00:30:00,0.07499999999999983
2018-05-01 00:35:00,0.07499999999999983
2018-05-01 00:40:00,0.07499999999999983
2018-05-01 00:45:00,0.07499999999999983
2018-05-01 00:50:00,0.07499999999999983
2018-05-01 00:55:00,0.07499999999999983
2018-05-01 01:00:00,0.07499999999999983
2018-05-01 01:05:00,0.07499999999999983
2018-05-01 01:10:00,0.07499999999999983
2018-05-01 01:15:00,0.07499999999999983
2018-05-01 01:20:00,0.07499999999999983
2018-05-01 01:25:00,0.07499999999999983
2018-05-01 01:30:00,0.07499999999999983
2018-05-01 01:35:00,0.07499999999999983
2018-05-01 01:40:00,0.07499999999999983
2018-05-01 01:45:00,0.07499999999999983
2018-05-01 01:50:00,0.07499999999999983
2018-05-01 01:55:00,0.07499999999999983
2018-05-01 02:00:00,0.07499999999999983
2018-05-01 02:05:00,0.07499999999999983
2018-05-01 02:10:00,0.07499999999999983
2018-05-01 02:15:00,0.07499999999999983
2018-05-01 02:20:00,0.07499999999999983
2018-05-01 02:25:00,0.07499999999999983
2018-05-01 02:30:00,0.07499999999999983
2018-05-01 02:35:00,0.07499999999999983
2018-05-01 02:40:00,0.07499999999999983
2018-05-01 02:45:00,0.07499999999999983
2018-05-01 02:50:00,0.07499999999999983
2018-05-01 02:55:00,0.07499999999997592
2018-05-01 03:00:00,0.0749987521328428
2018-05-01 03:05:00,0.07491666666664286
2018-05-01 03:10:00,0.07483333333333303
2018-05-01 03:15:00,0.07475000000000001
2018-05-01 03:20:00,0.07466666666666634
2018-05-01 03:25:00,0.07458333333333335
2018-05-01 03:30:00,0.07449999999999997
2018-05-01 03:35:00,0.07441666666666663
2018-05-01 03:40:00,0.0743333333333335
2018-05-01 03:45:00,0.07424999999999969
2018-05-01 03:50:00,0.0741666666666669
2018-05-01 03:55:00,0.07408333333335697
2018-05-01 04:00:00,0.07400124786715742
2018-05-01 04:05:00,0.07400000000002406
2018-05-01 04:10:00,0.07400000000000022
2018-05-01 04:15:00,0.07400000000000022
2018-05-01 04:20:00,0.07400000000000022
2018-05-01 04:25:00,0.07400000000000022
2018-05-01 04:30:00,0.07400000000000022
2018-05-01 04:35:00,0.07400000000000022
2018-05-01 04:40:00,0.07400000000000022
2018-05-01 04:45:00,0.07400000000000022
2018-05-01 04:50:00,0.07400000000000022
2018-05-01 04:55:00,0.07399999999997638
2018-05-01 05:00:00,0.07399875213284282
2018-05-01 05:05:00,0.07391666666664252
2018-05-01 05:10:00,0.07383333333333332
2018-05-01 05:15:00,0.07374999999999965
2018-05-01 05:20:00,0.07366666666666652
2018-05-01 05:25:00,0.0735833333333332
2018-05-01 05:30:00,0.07349999999999997
2018-05-01 05:35:00,0.07341666666666677
2018-05-01 05:40:00,0.07333333333333297
2018-05-01 05:45:00,0.07325000000000026
2018-05-01 05:50:00,0.07316666666666627
2018-05-01 05:55:00,0.07308333333335758
2018-05-01 06:00:00,0.07300124786715702
2018-05-01 06:05:00,0.07300000000002395
2018-05-01 06:10:00,0.0729999999999993
2018-05-01 06:15:00,0.0729999999999993
2018-05-01 06:20:00,0.0729999999999993
2018-05-01 06:25:00,0.0729999999999993
2018-05-01 06:30:00,0.0729999999999993
2018-05-01 06:35:00,0.0729999999999993
2018-05-01 06:40:00,0.0729999999999993
2018-05-01 06:45:00,0.0729999999999993
2018-05-01 06:50:00,0.0729999999999993
2018-05-01 06:55:00,0.07299999999997564
2018-05-01 07:00:00,0.07299875213284253
2018-05-01 07:05:00,0.07291666666664294
2018-05-01 07:10:00,0.07283333333333303
2018-05-01 07:15:00,0.07275
2018-05-01 07:20:00,0.0726666666666667
2018-05-01 07:25:00,0.0725833333333333
2018-05-01 07:30:00,0.07250000000000009
2018-05-01 07:35:00,0.07241666666666638
2018-05-01 07:40:00,0.07233333333333374
2018-05-01 07:45:00,0.07224999999999965
2018-05-01 07:50:00,0.07216666666666699
2018-05-01 07:55:00,0.07208333333335702
2018-05-01 08:00:00,0.07200124786715724
2018-05-01 08:05:00,0.07200000000002417
2018-05-01 08:10:00,0.0720000000000002
2018-05-01 08:15:00,0.0720000000000002
2018-05-01 08:20:00,0.0720000000000002
2018-05-01 08:25:00,0.0720000000000002
2018-05-01 08:30:00,0.0720000000000002
2018-05-01 08:35:00,0.0720000000000002
2018-05-01 08:40:00,0.0720000000000002
2018-05-01 08:45:00,0.0720000000000002
2018-05-01 08:50:00,0.0720000000000002
2018-05-01 08:55:00,0.0720000000000002
2018-05-01 09:00:00,0.0720000000000002
2018-05-01 09:05:00,0.0720000000000002
2018-05-01 09:10:00,0.0720000000000002
2018-05-01 09:15:00,0.0720000000000002
2018-05-01 09:20:00,0.0720000000000002
2018-05-01 09:25:00,0.0720000000000002
2018-05-01 09:30:00,0.0720000000000002
2018-05-01 09:35:00,0.0720000000000002
2018-05-01 09:40:00,0.0720000000000002
2018-05-01 09:45:00,0.0720000000000002
2018-05-01 09:50:00,0.0720000000000002
2018-05-01 09:55:00,0.0720000000000002
2018-05-01 10:00:00,0.0720000000000002
2018-05-01 10:05:00,0.0720000000000002
2018-05-01 10:10:00,0.0720000000000002
2018-05-01 10:15:00,0.0720000000000002
2018-05-01 10:20:00,0.0720000000000002
2018-05-01 10:25:00,0.0720000000000002
2018-05-01 10:30:00,0.0720000000000002
2018-05-01 10:35:00,0.0720000000000002
2018-05-01 10:40:00,0.0720000000000002
2018-05-01 10:45:00,0.0720000000000002
2018-05-01 10:50:00,0.0720000000000002
2018-05-01 10:55:00,0.07199999999990453
2018-05-01 11:00:00,0.07199500853137139
2018-05-01 11:05:00,0.0716666666665704
2018-05-01 11:10:00,0.07133333333333333
2018-05-01 11:15:00,0.0709999999999997
2018-05-01 11:20:00,0.07066666666666632
2018-05-01 11:25:00,0.07033333333333364
2018-05-01 11:30:00,0.07000000000000035
2018-05-01 11:35:00,0.0696666666666666
2018-05-01 11:40:00,0.06933333333333316
2018-05-01 11:45:00,0.06899999999999959
2018-05-01 11:50:00,0.06866666666666711
2018-05-01 11:55:00,0.06833333333340567
2018-05-01 12:00:00,0.06800374360147139
2018-05-01 12:05:00,0.06791666666673872
2018-05-01 12:10:00,0.06783333333333291
2018-05-01 12:15:00,0.06775000000000009
2018-05-01 12:20:00,0.06766666666666625
2018-05-01 12:25:00,0.06758333333333345
2018-05-01 12:30:00,0.06749999999999948
2018-05-01 12:35:00,0.06741666666666671
2018-05-01 12:40:00,0.06733333333333283
2018-05-01 12:45:00,0.06724999999999991
2018-05-01 12:50:00,0.06716666666666668
2018-05-01 12:55:00,0.06708333333330871
2018-05-01 13:00:00,0.0669987521328429
2018-05-01 13:05:00,0.06683333333330946
2018-05-01 13:10:00,0.06666666666666647
2018-05-01 13:15:00,0.06649999999999998
2018-05-01 13:20:00,0.06633333333333315
2018-05-01 13:25:00,0.06616666666666632
2018-05-01 13:30:00,0.06599999999999963
2018-05-01 13:35:00,0.06583333333333354
2018-05-01 13:40:00,0.06566666666666658
2018-05-01 13:45:00,0.06549999999999996
2018-05-01 13:50:00,0.06533333333333352
2018-05-01 13:55:00,0.06516666666671457
2018-05-01 14:00:00,0.06500249573431455
2018-05-01 14:05:00,0.06500000000004792
2018-05-01 14:10:00,0.06500000000000022
2018-05-01 14:15:00,0.06500000000000022
2018-05-01 14:20:00,0.06500000000000022
2018-05-01 14:25:00,0.06500000000000022
2018-05-01 14:30:00,0.06500000000000022
2018-05-01 14:35:00,0.06500000000000022
2018-05-01 14:40:00,0.06500000000000022
2018-05-01 14:45:00,0.06500000000000022
2018-05-01 14:50:00,0.06500000000000022
2018-05-01 14:55:00,0.0649999999999764
2018-05-01 15:00:00,0.0649987521328429
2018-05-01 15:05:00,0.06491666666664257
2018-05-01 15:10:00,0.06483333333333338
2018-05-01 15:15:00,0.06474999999999967
2018-05-01 15:20:00,0.0646666666666668
2018-05-01 15:25:00,0.06458333333333266
2018-05-01 15:30:00,0.06449999999999986
2018-05-01 15:35:00,0.06441666666666697
2018-05-01 15:40:00,0.06433333333333288
2018-05-01 15:45:00,0.06425000000000028
2018-05-01 15:50:00,0.0641666666666664
2018-05-01 15:55:00,0.06408333333335745
2018-05-01 16:00:00,0.06400124786715712
2018-05-01 16:05:00,0.0640000000000239
2018-05-01 16:10:00,0.064
2018-05-01 16:15:00,0.064
2018-05-01 16:20:00,0.064
2018-05-01 16:25:00,0.064
2018-05-01 16:30:00,0.064
2018-05-01 16:35:00,0.064
2018-05-01 16:40:00,0.064
2018-05-01 16:45:00,0.064
2018-05-01 16:50:00,0.064
2018-05-01 16:55:00,0.064
2018-05-01 17:00:00,0.064
2018-05-01 17:05:00,0.064
2018-05-01 17:10:00,0.064
2018-05-01 17:15:00,0.064
2018-05-01 17:20:00,0.064
2018-05-01 17:25:00,0.064
2018-05-01 17:30:00,0.064
2018-05-01 17:35:00,0.064
2018-05-01 17:40:00,0.064
2018-05-01 17:45:00,0.064
2018-05-01 17:50:00,0.064
2018-05-01 17:55:00,0.064
2018-05-01 18:00:00,0.064
2018-05-01 18:05:00,0.064
2018-05-01 18:10:00,0.064
2018-05-01 18:15:00,0.064
2018-05-01 18:20:00,0.064
2018-05-01 18:25:00,0.064
2018-05-01 18:30:00,0.064
2018-05-01 18:35:00,0.064
2018-05-01 18:40:00,0.064
2018-05-01 18:45:00,0.064
2018-05-01 18:50:00,0.064
2018-05-01 18:55:00,0.064
2018-05-01 19:00:00,0.064
2018-05-01 19:05:00,0.064
2018-05-01 19:10:00,0.064
2018-05-01 19:15:00,0.064
2018-05-01 19:20:00,0.064
2018-05-01 19:25:00,0.064
2018-05-01 19:30:00,0.064
2018-05-01 19:35:00,0.064
2018-05-01 19:40:00,0.064
2018-05-01 19:45:00,0.064
2018-05-01 19:50:00,0.064
2018-05-01 19:55:00,0.064
2018-05-01 20:00:00,0.064
2018-05-01 20:05:00,0.064
2018-05-01 20:10:00,0.064
2018-05-01 20:15:00,0.064
2018-05-01 20:20:00,0.064
2018-05-01 20:25:00,0.064
2018-05-01 20:30:00,0.064
2018-05-01 20:35:00,0.064
2018-05-01 20:40:00,0.064
2018-05-01 20:45:00,0.064
2018-05-01 20:50:00,0.064
2018-05-01 20:55:00,0.064
2018-05-01 21:00:00,0.064
2018-05-01 21:05:00,0.064
2018-05-01 21:10:00,0.064
2018-05-01 21:15:00,0.064
2018-05-01 21:20:00,0.064
2018-05-01 21:25:00,0.064
2018-05-01 21:30:00,0.064
2018-05-01 21:35:00,0.064
2018-05-01 21:40:00,0.064
2018-05-01 21:45:00,0.064
2018-05-01 21:50:00,0.064
2018-05-01 21:55:00,0.064
2018-05-01 22:00:00,0.064
2018-05-01 22:05:00,0.064
2018-05-01 22:10:00,0.064
2018-05-01 22:15:00,0.064
2018-05-01 22:20:00,0.064
2018-05-01 22:25:00,0.064
2018-05-01 22:30:00,0.064
2018-05-01 22:35:00,0.064
2018-05-01 22:40:00,0.064
2018-05-01 22:45:00,0.064
2018-05-01 22:50:00,0.064
2018-05-01 22:55:00,0.064
2018-05-01 23:00:00,0.064
2018-05-01 23:05:00,0.064
2018-05-01 23:10:00,0.064
2018-05-01 23:15:00,0.064
2018-05-01 23:20:00,0.064
2018-05-01 23:25:00,0.064
2018-05-01 23:30:00,0.064
2018-05-01 23:35:00,0.064
2018-05-01 23:40:00,0.064
2018-05-01 23:45:00,0.064
2018-05-01 23:50:00,0.064
2018-05-01 23:55:00,0.06399999999997585
2018-05-02 00:00:00,0.06399875213284276
2018-05-02 00:05:00,0.0639166666666427
2018-05-02 00:10:00,0.06383333333333298
2018-05-02 00:15:00,0.06375000000000011
2018-05-02 00:20:00,0.06366666666666647
2018-05-02 00:25:00,0.06358333333333317
2018-05-02 00:30:00,0.06350000000000029
2018-05-02 00:35:00,0.06341666666666608
2018-05-02 00:40:00,0.06333333333333369
2018-05-02 00:45:00,0.06324999999999974
2018-05-02 00:50:00,0.06316666666666686
2018-05-02 00:55:00,0.06308333333335711
2018-05-02 01:00:00,0.06300124786715727
2018-05-02 01:05:00,0.063000000000024
2018-05-02 01:10:00,0.06300000000000021
2018-05-02 01:15:00,0.06300000000000021
2018-05-02 01:20:00,0.06300000000000021
2018-05-02 01:25:00,0.06300000000000021
2018-05-02 01:30:00,0.06300000000000021
2018-05-02 01:35:00,0.06300000000000021
2018-05-02 01:40:00,0.06300000000000021
2018-05-02 01:45:00,0.06300000000000021
2018-05-02 01:50:00,0.06300000000000021
2018-05-02 01:55:00,0.06300000000000021
2018-05-02 02:00:00,0.06300000000000021
2018-05-02 02:05:00,0.06300000000000021
2018-05-02 02:10:00,0.06300000000000021
2018-05-02 02:15:00,0.06300000000000021
2018-05-02 02:20:00,0.06300000000000021
2018-05-02 02:25:00,0.06300000000000021
2018-05-02 02:30:00,0.06300000000000021
2018-05-02 02:35:00,0.06300000000000021
2018-05-02 02:40:00,0.06300000000000021
2018-05-02 02:45:00,0.06300000000000021
2018-05-02 02:50:00,0.06300000000000021
2018-05-02 02:55:00,0.06300000000000021
2018-05-02 03:00:00,0.06300000000000021
2018-05-02 03:05:00,0.06300000000000021
2018-05-02 03:10:00,0.06300000000000021
2018-05-02 03:15:00,0.06300000000000021
2018-05-02 03:20:00,0.06300000000000021
2018-05-02 03:25:00,0.06300000000000021
2018-05-02 03:30:00,0.06300000000000021
2018-05-02 03:35:00,0.06300000000000021
2018-05-02 03:40:00,0.06300000000000021
2018-05-02 03:45:00,0.06300000000000021
2018-05-02 03:50:00,0.06300000000000021
2018-05-02 03:55:00,0.06299999999997648
2018-05-02 04:00:00,0.06299875213284285
2018-05-02 04:05:00,0.06291666666664236
2018-05-02 04:10:00,0.06283333333333324
2018-05-02 04:15:00,0.06274999999999993
2018-05-02 04:20:00,0.0626666666666666
2018-05-02 04:25:00,0.06258333333333313
2018-05-02 04:30:00,0.06250000000000007
2018-05-02 04:35:00,0.06241666666666666
2018-05-02 04:40:00,0.06233333333333325
2018-05-02 04:45:00,0.06225000000000011
2018-05-02 04:50:00,0.062166666666666676
2018-05-02 04:55:00,0.062083333333357235
2018-05-02 05:00:00,0.062001247867157334
2018-05-02 05:05:00,0.0620000000000241
2018-05-02 05:10:00,0.062000000000000235
2018-05-02 05:15:00,0.062000000000000235
2018-05-02 05:20:00,0.062000000000000235
2018-05-02 05:25:00,0.062000000000000235
2018-05-02 05:30:00,0.062000000000000235
2018-05-02 05:35:00,0.062000000000000235
2018-05-02 05:40:00,0.062000000000000235
2018-05-02 05:45:00,0.062000000000000235
2018-05-02 05:50:00,0.062000000000000235
2018-05-02 05:55:00,0.061999999999976275
2018-05-02 06:00:00,0.06199875213284289
2018-05-02 06:05:00,0.06191666666664266
2018-05-02 06:10:00,0.06183333333333318
2018-05-02 06:15:00,0.0617499999999997
2018-05-02 06:20:00,0.06166666666666633
2018-05-02 06:25:00,0.06158333333333304
2018-05-02 06:30:00,0.06150000000000003
2018-05-02 06:35:00,0.06141666666666666
2018-05-02 06:40:00,0.061333333333333476
2018-05-02 06:45:00,0.06125000000000004
2018-05-02 06:50:00,0.061166666666666675
2018-05-02 06:55:00,0.06108333333333345
2018-05-02 07:00:00,0.06100000000000001
2018-05-02 07:05:00,0.0609166666666664
2018-05-02 07:10:00,0.060833333333333024
2018-05-02 07:15:00,0.06074999999999965
2018-05-02 07:20:00,0.06066666666666661
2018-05-02 07:25:00,0.06058333333333329
2018-05-02 07:30:00,0.060499999999999915
2018-05-02 07:35:00,0.06041666666666665
2018-05-02 07:40:00,0.0603333333333333
2018-05-02 07:45:00,0.06024999999999986
2018-05-02 07:50:00,0.060166666666666736
2018-05-02 07:55:00,0.060083333333333225
2018-05-02 08:00:00,0.059999999999999776
2018-05-02 08:05:00,0.05991666666666634
2018-05-02 08:10:00,0.0598333333333329
2018-05-02 08:15:00,0.05974999999999996
2018-05-02 08:20:00,0.059666666666666625
2018-05-02 08:25:00,0.05958333333333333
2018-05-02 08:30:00,0.059500000000000025
2018-05-02 08:35:00,0.05941666666666656
2018-05-02 08:40:00,0.05933333333333338
2018-05-02 08:45:00,0.059250000000000025
2018-05-02 08:50:00,0.05916666666666647
2018-05-02 08:55:00,0.05908333333335709
2018-05-02 09:00:00,0.05900124786715698
2018-05-02 09:05:00,0.059000000000023735
2018-05-02 09:10:00,0.05899999999999984
2018-05-02 09:15:00,0.05899999999999984
2018-05-02 09:20:00,0.05899999999999982
2018-05-02 09:25:00,0.05899999999999981
2018-05-02 09:30:00,0.05899999999999984
2018-05-02 09:35:00,0.05899999999999984
2018-05-02 09:40:00,0.05899999999999982
2018-05-02 09:45:00,0.05899999999999981
2018-05-02 09:50:00,0.05899999999999984
2018-05-02 09:55:00,0.05899999999999984
2018-05-02 10:00:00,0.05899999999999982
2018-05-02 10:05:00,0.05899999999999981
2018-05-02 10:10:00,0.05899999999999984
2018-05-02 10:15:00,0.05899999999999984
2018-05-02 10:20:00,0.05899999999999982
2018-05-02 10:25:00,0.05899999999999981
2018-05-02 10:30:00,0.05899999999999984
2018-05-02 10:35:00,0.05899999999999984
2018-05-02 10:40:00,0.05899999999999982
2018-05-02 10:45:00,0.05899999999999981
2018-05-02 10:50:00,0.05899999999999984
2018-05-02 10:55:00,0.05899999999999984
2018-05-02 11:00:00,0.05899999999999982
2018-05-02 11:05:00,0.05899999999999981
2018-05-02 11:10:00,0.05899999999999984
2018-05-02 11:15:00,0.05899999999999984
2018-05-02 11:20:00,0.05899999999999982
2018-05-02 11:25:00,0.05899999999999981
2018-05-02 11:30:00,0.05899999999999984
2018-05-02 11:35:00,0.05899999999999984
2018-05-02 11:40:00,0.05899999999999982
2018-05-02 11:45:00,0.05899999999999981
2018-05-02 11:50:00,0.05899999999999984
2018-05-02 11:55:00,0.05899999999999984
2018-05-02 12:00:00,0.05899999999999982
2018-05-02 12:05:00,0.05899999999999981
2018-05-02 12:10:00,0.05899999999999984
2018-05-02 12:15:00,0.05899999999999984
2018-05-02 12:20:00,0.05899999999999982
2018-05-02 12:25:00,0.05899999999999981
2018-05-02 12:30:00,0.05899999999999984
2018-05-02 12:35:00,0.05899999999999984
2018-05-02 12:40:00,0.05899999999999982
2018-05-02 12:45:00,0.05899999999999981
2018-05-02 12:50:00,0.05899999999999984
2018-05-02 12:55:00,0.05899999999999984
2018-05-02 13:00:00,0.05899999999999982
2018-05-02 13:05:00,0.05899999999999981
2018-05-02 13:10:00,0.05899999999999984
2018-05-02 13:15:00,0.05899999999999984
2018-05-02 13:20:00,0.05899999999999982
2018-05-02 13:25:00,0.05899999999999981
2018-05-02 13:30:00,0.05899999999999984
2018-05-02 13:35:00,0.05899999999999984
2018-05-02 13:40:00,0.05899999999999982
2018-05-02 13:45:00,0.05899999999999981
2018-05-02 13:50:00,0.05899999999999984
2018-05-02 13:55:00,0.05899999999999984
2018-05-02 14:00:00,0.05899999999999982
2018-05-02 14:05:00,0.05899999999999981
2018-05-02 14:10:00,0.05899999999999984
2018-05-02 14:15:00,0.05899999999999984
2018-05-02 14:20:00,0.05899999999999982
2018-05-02 14:25:00,0.05899999999999981
2018-05-02 14:30:00,0.05899999999999984
2018-05-02 14:35:00,0.05899999999999984
2018-05-02 14:40:00,0.05899999999999982
2018-05-02 14:45:00,0.05899999999999981
2018-05-02 14:50:00,0.05899999999999984
2018-05-02 14:55:00,0.05899999999997579
2018-05-02 15:00:00,0.058998752132842724
2018-05-02 15:05:00,0.05891666666664237
2018-05-02 15:10:00,0.058833333333333286
2018-05-02 15:15:00,0.0587499999999999
2018-05-02 15:20:00,0.05866666666666673
2018-05-02 15:25:00,0.058583333333333376
2018-05-02 15:30:00,0.058499999999999885
2018-05-02 15:35:00,0.05841666666666665
2018-05-02 15:40:00,0.05833333333333333
2018-05-02 15:45:00,0.058249999999999816
2018-05-02 15:50:00,0.058166666666666415
2018-05-02 15:55:00,0.058083333333356885
2018-05-02 16:00:00,0.05800124786715709
2018-05-02 16:05:00,0.05800000000002387
2018-05-02 16:10:00,0.05799999999999969
2018-05-02 16:15:00,0.05799999999999971
2018-05-02 16:20:00,0.0579999999999997
2018-05-02 16:25:00,0.05799999999999968
2018-05-02 16:30:00,0.05799999999999969
2018-05-02 16:35:00,0.05799999999999971
2018-05-02 16:40:00,0.0579999999999997
2018-05-02 16:45:00,0.05799999999999968
2018-05-02 16:50:00,0.05799999999999969
2018-05-02 16:55:00,0.05799999999999971
2018-05-02 17:00:00,0.0579999999999997
2018-05-02 17:05:00,0.05799999999999968
2018-05-02 17:10:00,0.05799999999999969
2018-05-02 17:15:00,0.05799999999999971
2018-05-02 17:20:00,0.0579999999999997
2018-05-02 17:25:00,0.05799999999999968
2018-05-02 17:30:00,0.05799999999999969
2018-05-02 17:35:00,0.05799999999999971
2018-05-02 17:40:00,0.0579999999999997
2018-05-02 17:45:00,0.05799999999999968
2018-05-02 17:50:00,0.05799999999999969
2018-05-02 17:55:00,0.05799999999997571
2018-05-02 18:00:00,0.057998752132842585
2018-05-02 18:05:00,0.0579166666666425
2018-05-02 18:10:00,0.05783333333333325
2018-05-02 18:15:00,0.057749999999999975
2018-05-02 18:20:00,0.05766666666666661
2018-05-02 18:25:00,0.05758333333333316
2018-05-02 18:30:00,0.0575
2018-05-02 18:35:00,0.05741666666666668
2018-05-02 18:40:00,0.057333333333333174
2018-05-02 18:45:00,0.0572499999999997
2018-05-02 18:50:00,0.057166666666666276
2018-05-02 18:55:00,0.05708333333335725
2018-05-02 19:00:00,0.057001247867156886
2018-05-02 19:05:00,0.05700000000002376
2018-05-02 19:10:00,0.0569999999999999
2018-05-02 19:15:00,0.05699999999999988
2018-05-02 19:20:00,0.05699999999999988
2018-05-02 19:25:00,0.056999999999999884
2018-05-02 19:30:00,0.0569999999999999
2018-05-02 19:35:00,0.05699999999999988
2018-05-02 19:40:00,0.05699999999999988
2018-05-02 19:45:00,0.056999999999999884
2018-05-02 19:50:00,0.0569999999999999
2018-05-02 19:55:00,0.05699999999999988
2018-05-02 20:00:00,0.05699999999999988
2018-05-02 20:05:00,0.056999999999999884
2018-05-02 20:10:00,0.0569999999999999
2018-05-02 20:15:00,0.05699999999999988
2018-05-02 20:20:00,0.05699999999999988
2018-05-02 20:25:00,0.056999999999999884
2018-05-02 20:30:00,0.0569999999999999
2018-05-02 20:35:00,0.05699999999999988
2018-05-02 20:40:00,0.05699999999999988
2018-05-02 20:45:00,0.056999999999999884
2018-05-02 20:50:00,0.0569999999999999
2018-05-02 20:55:00,0.05699999999999988
2018-05-02 21:00:00,0.05699999999999988
2018-05-02 21:05:00,0.056999999999999884
2018-05-02 21:10:00,0.0569999999999999
2018-05-02 21:15:00,0.05699999999999988
2018-05-02 21:20:00,0.05699999999999988
2018-05-02 21:25:00,0.056999999999999884
2018-05-02 21:30:00,0.0569999999999999
2018-05-02 21:35:00,0.05699999999999988
2018-05-02 21:40:00,0.05699999999999988
2018-05-02 21:45:00,0.056999999999999884
2018-05-02 21:50:00,0.0569999999999999
2018-05-02 21:55:00,0.05699999999999988
2018-05-02 22:00:00,0.056999999999999926
